short_20.A@O_4.A@N	short_124.B@OD1_46.B@NE2_71.B@NE2_124.B@OD2_126.B@N_125.B@OD2	short_124.B@OD1_46.B@NE2_126.B@N_124.B@OD2_71.B@NE2_125.B@OD2	short_124.B@OD1_46.B@NE2_71.B@NE2_126.B@N_124.B@OD2_125.B@OD2	short_54.B@OG1_52.B@OD1_52.B@OD2_54.B@N	short_31.A@N_99.A@O_100.A@O	short_124.B@OD1_71.B@NE2_126.B@N_124.B@OD2_46.B@NH2	short_124.B@OD1_71.B@NE2_126.B@N_124.B@OD2_46.B@NE2_125.B@OD2	Unnamed: 35
0.821	0.0	0.0	0.0	0.0	0.0	0.0	0.0	0.0
0.851	0.0	0.0	0.0	0.0	0.0	0.0	0.0	0.0
0.817	0.0	0.0	0.0	0.0	0.0	0.0	0.0	0.0
0.873	0.0	0.0	0.0	0.0	0.0	0.0	0.0	0.0
0.86	0.021	0.021	0.021	0.0	0.0	0.0	0.0	0.0
0.848	0.002	0.002	0.002	0.0	0.0	0.0	0.0	0.0
0.899	0.0	0.0	0.0	0.15	0.0	0.0	0.0	0.0
0.901	0.0	0.0	0.0	0.0	0.0	0.0	0.0	0.0
0.903	0.0	0.0	0.0	0.0	0.0	0.0	0.0	0.0
0.89	0.0	0.0	0.0	0.0	0.0	0.0	0.0	0.0
0.836	0.0	0.118	0.0	0.0	0.118	0.0	0.0	0.0
0.882	0.0	0.0	0.0	0.0	0.0	0.0	0.0	0.0
0.903	0.0	0.0	0.0	0.0	0.0	0.0	0.0	0.0
0.888	0.0	0.0	0.0	0.0	0.0	0.0	0.0	0.0
0.864	0.0	0.0	0.0	0.0	0.0	0.0	0.0	0.0
0.887	0.0	0.0	0.0	0.0	0.0	0.0	0.0	0.0
0.881	0.0	0.0	0.0	0.0	0.0	0.0	0.0	0.0
0.87	0.0	0.0	0.0	0.0	0.0	0.0	0.0	0.0
0.888	0.0	0.0	0.0	0.0	0.0	0.0	0.0	0.0
0.832	0.011	0.011	0.011	0.0	0.0	0.001	0.0	0.0
0.882	0.0	0.0	0.0	0.0	0.0	0.0	0.028	0.0
0.827	0.0	0.0	0.0	0.0	0.0	0.0	0.0	0.0
0.852	0.0	0.0	0.0	0.0	0.0	0.0	0.0	0.0
0.876	0.0	0.0	0.0	0.0	0.0	0.0	0.0	0.0
0.837	0.0	0.0	0.0	0.0	0.0	0.0	0.0	0.0
0.88	0.0	0.0	0.0	0.0	0.0	0.0	0.0	0.0
0.867	0.0	0.0	0.0	0.0	0.0	0.0	0.0	0.0
0.878	0.001	0.0	0.0	0.0	0.0	0.0	0.0	0.0
0.861	0.13	0.13	0.13	0.0	0.0	0.0	0.0	0.0
0.901	0.0	0.0	0.0	0.0	0.0	0.0	0.0	0.0
0.905	0.002	0.002	0.002	0.115	0.0	0.0	0.0	0.0
0.857	0.001	0.0	0.0	0.0	0.0	0.0	0.0	0.0
0.842	0.0	0.0	0.0	0.0	0.0	0.0	0.0	0.0
0.897	0.0	0.0	0.0	0.0	0.0	0.0	0.0	0.0
0.865	0.0	0.0	0.0	0.0	0.0	0.0	0.0	0.0
0.869	0.0	0.0	0.0	0.0	0.0	0.0	0.0	0.0
0.9	0.0	0.0	0.0	0.0	0.0	0.0	0.0	0.0
0.871	0.0	0.0	0.0	0.0	0.0	0.0	0.0	0.0
0.888	0.0	0.0	0.0	0.001	0.0	0.0	0.0	0.0
0.906	0.0	0.0	0.0	0.0	0.0	0.0	0.0	0.0
0.83	0.0	0.0	0.0	0.0	0.0	0.0	0.0	0.0
0.833	0.0	0.0	0.0	0.0	0.0	0.0	0.0	0.0
0.86	0.0	0.0	0.0	0.0	0.0	0.0	0.0	0.0
0.791	0.0	0.0	0.0	0.0	0.0	0.0	0.0	0.0
0.814	0.0	0.0	0.0	0.0	0.0	0.0	0.0	0.0
0.91	0.001	0.001	0.001	0.0	0.0	0.0	0.0	0.0
0.883	0.0	0.0	0.0	0.0	0.0	0.0	0.0	0.0
0.889	0.005	0.005	0.005	0.0	0.0	0.158	0.0	0.0
0.889	0.0	0.0	0.0	0.0	0.0	0.0	0.0	0.0
0.858	0.0	0.0	0.0	0.0	0.0	0.0	0.0	0.0
0.889	0.0	0.0	0.0	0.0	0.0	0.0	0.0	0.0
0.829	0.0	0.0	0.0	0.0	0.0	0.0	0.0	0.0
0.824	0.0	0.0	0.0	0.0	0.0	0.0	0.0	0.0
0.854	0.0	0.0	0.0	0.0	0.0	0.001	0.0	0.0
0.892	0.0	0.0	0.0	0.0	0.0	0.0	0.0	0.0
0.86	0.0	0.0	0.0	0.0	0.0	0.0	0.0	0.0
0.837	0.0	0.0	0.0	0.0	0.0	0.0	0.0	0.0
0.905	0.0	0.0	0.0	0.0	0.0	0.0	0.0	0.0
0.876	0.0	0.0	0.0	0.0	0.0	0.0	0.0	0.0
0.869	0.0	0.0	0.0	0.0	0.0	0.0	0.0	0.0
0.878	0.0	0.0	0.0	0.0	0.0	0.0	0.0	0.0
0.857	0.001	0.001	0.001	0.0	0.0	0.0	0.0	0.0
0.893	0.0	0.0	0.0	0.0	0.0	0.0	0.0	0.0
0.876	0.0	0.0	0.0	0.0	0.0	0.0	0.0	0.0
0.858	0.0	0.0	0.0	0.0	0.0	0.0	0.0	0.002
0.921	0.0	0.0	0.0	0.0	0.0	0.0	0.0	0.0
0.879	0.0	0.0	0.0	0.0	0.0	0.0	0.0	0.0
0.894	0.013	0.013	0.013	0.0	0.0	0.0	0.0	0.0
0.832	0.0	0.0	0.0	0.0	0.0	0.0	0.0	0.0
0.832	0.012	0.012	0.012	0.0	0.0	0.0	0.0	0.0
0.848	0.008	0.008	0.008	0.0	0.0	0.0	0.0	0.0
0.88	0.003	0.003	0.003	0.48	0.0	0.0	0.0	0.0
