,A4T,A4V,A4S,C6G,C6F,V7E,L8Q,G10V,G12A,G12R,V14G,F20C,E21G,G37R,L38R,L38V,G41S,G41D,H43R,F45C,H46R,V47F,H48Q,N65S,G72S,G72C,D76Y,D76V,L84F,L84V,G85R,N86S,N86K,A89V,D90V,D90A,G93V,G93A,G93C,G93R,G93D,G93S,E100G,D101G,D101N,D101Y,D101H,I104F,S105L,L106V,G108V,I112T,I112M,I113T,I113F,G114A,R115G,D124V,D125H,L126S,S134N,N139H,A140G,G141E,L144F,L144S,A145T,C146R,V148G,V148I,I149T,I151T
4.A@N-20.A@O,0.821,0.851,0.817,0.873,0.86,0.848,0.899,0.901,0.903,0.89,0.836,0.882,0.903,0.888,0.864,0.887,0.881,0.87,0.888,0.832,0.882,0.827,0.852,0.876,0.837,0.88,0.867,0.878,0.861,0.901,0.905,0.857,0.842,0.897,0.865,0.869,0.9,0.871,0.888,0.906,0.83,0.833,0.86,0.791,0.814,0.91,0.883,0.889,0.889,0.858,0.889,0.829,0.824,0.854,0.892,0.86,0.837,0.905,0.876,0.869,0.878,0.857,0.893,0.876,0.858,0.921,0.879,0.894,0.832,0.832,0.848,0.88
5.A@N-150.A@O,0.906,0.974,0.901,0.957,0.921,0.94,0.916,0.952,0.943,0.945,0.917,0.944,0.925,0.942,0.927,0.932,0.96,0.951,0.94,0.965,0.951,0.938,0.949,0.95,0.947,0.951,0.931,0.931,0.946,0.915,0.942,0.959,0.947,0.936,0.947,0.945,0.955,0.932,0.944,0.927,0.943,0.933,0.944,0.918,0.964,0.92,0.958,0.938,0.935,0.959,0.949,0.94,0.944,0.964,0.935,0.961,0.852,0.943,0.948,0.95,0.955,0.943,0.936,0.942,0.924,0.937,0.943,0.958,0.963,0.931,0.942,0.948
6.A@N-18.A@O,0.928,0.899,0.926,0.937,0.944,0.901,0.884,0.928,0.936,0.905,0.915,0.942,0.932,0.927,0.888,0.905,0.912,0.941,0.915,0.925,0.903,0.887,0.93,0.89,0.931,0.901,0.939,0.905,0.899,0.898,0.913,0.933,0.933,0.928,0.911,0.921,0.922,0.917,0.912,0.88,0.901,0.936,0.901,0.816,0.919,0.927,0.931,0.912,0.947,0.923,0.904,0.896,0.897,0.95,0.905,0.928,0.945,0.909,0.929,0.93,0.936,0.918,0.913,0.892,0.922,0.93,0.9,0.905,0.928,0.943,0.929,0.944
8.A@N-16.A@O,0.836,0.82,0.84,0.869,0.845,0.857,0.852,0.761,0.799,0.831,0.824,0.763,0.852,0.772,0.868,0.844,0.775,0.818,0.818,0.806,0.843,0.867,0.83,0.802,0.803,0.773,0.831,0.818,0.835,0.87,0.857,0.795,0.82,0.824,0.854,0.836,0.841,0.855,0.84,0.827,0.708,0.823,0.866,0.836,0.847,0.781,0.792,0.793,0.84,0.84,0.808,0.802,0.806,0.778,0.8,0.819,0.846,0.878,0.816,0.786,0.846,0.821,0.801,0.844,0.845,0.799,0.85,0.822,0.839,0.825,0.781,0.754
6.A@O-18.A@N,0.908,0.858,0.891,0.812,0.908,0.911,0.903,0.906,0.901,0.913,0.851,0.93,0.896,0.905,0.912,0.894,0.888,0.922,0.928,0.881,0.881,0.866,0.899,0.868,0.909,0.869,0.908,0.887,0.917,0.902,0.888,0.899,0.902,0.872,0.934,0.91,0.915,0.928,0.901,0.859,0.91,0.909,0.897,0.918,0.889,0.876,0.868,0.844,0.924,0.895,0.881,0.899,0.887,0.856,0.888,0.926,0.947,0.902,0.895,0.82,0.886,0.924,0.902,0.874,0.906,0.876,0.886,0.913,0.926,0.918,0.868,0.867
19.A@N-32.A@O,0.92,0.929,0.931,0.94,0.917,0.937,0.938,0.905,0.914,0.927,0.937,0.881,0.92,0.935,0.947,0.924,0.938,0.901,0.926,0.949,0.959,0.958,0.943,0.936,0.948,0.938,0.92,0.949,0.946,0.894,0.948,0.945,0.916,0.937,0.947,0.933,0.934,0.924,0.929,0.933,0.923,0.939,0.943,0.939,0.93,0.947,0.935,0.965,0.926,0.956,0.928,0.93,0.929,0.896,0.934,0.937,0.912,0.912,0.951,0.946,0.933,0.934,0.936,0.942,0.94,0.941,0.952,0.947,0.89,0.905,0.916,0.952
4.A@O-20.A@N,0.876,0.895,0.915,0.903,0.905,0.917,0.839,0.893,0.867,0.897,0.869,0.793,0.894,0.834,0.853,0.834,0.847,0.9,0.874,0.875,0.861,0.816,0.899,0.88,0.848,0.906,0.874,0.872,0.843,0.882,0.889,0.914,0.841,0.872,0.857,0.884,0.898,0.857,0.887,0.92,0.892,0.839,0.89,0.848,0.884,0.897,0.936,0.914,0.863,0.884,0.839,0.907,0.827,0.924,0.899,0.883,0.889,0.86,0.887,0.831,0.864,0.872,0.858,0.872,0.909,0.903,0.849,0.869,0.861,0.914,0.929,0.916
21.A@N-30.A@O,0.869,0.858,0.888,0.93,0.871,0.838,0.879,0.869,0.896,0.854,0.915,0.699,0.913,0.822,0.881,0.903,0.897,0.836,0.87,0.869,0.871,0.82,0.837,0.858,0.868,0.873,0.869,0.87,0.88,0.919,0.867,0.873,0.87,0.87,0.888,0.849,0.909,0.871,0.914,0.841,0.91,0.849,0.892,0.853,0.891,0.875,0.859,0.839,0.877,0.866,0.833,0.908,0.915,0.914,0.877,0.908,0.924,0.896,0.862,0.879,0.886,0.877,0.868,0.851,0.808,0.864,0.871,0.888,0.909,0.912,0.856,0.895
29.A@N-101.A@O,0.875,0.87,0.92,0.938,0.823,0.858,0.22,0.886,0.871,0.875,0.346,0.212,0.894,0.173,0.905,0.822,0.009,0.762,0.902,0.814,0.909,0.845,0.869,0.898,0.783,0.828,0.801,0.824,0.824,0.883,0.791,0.834,0.871,0.619,0.941,0.846,0.912,0.889,0.851,0.854,0.927,0.914,0.8,0.693,0.872,0.867,0.814,0.776,0.873,0.87,0.776,0.827,0.805,0.833,0.935,0.882,0.737,0.861,0.873,0.157,0.791,0.948,0.882,0.837,0.879,0.001,0.867,0.946,0.911,0.845,0.887,0.003
21.A@O-30.A@N,0.787,0.866,0.936,0.935,0.813,0.838,0.864,0.9,0.899,0.869,0.746,0.861,0.909,0.812,0.875,0.832,0.904,0.843,0.888,0.805,0.842,0.837,0.834,0.8,0.826,0.837,0.85,0.946,0.814,0.889,0.865,0.787,0.93,0.77,0.943,0.874,0.931,0.895,0.89,0.834,0.932,0.877,0.842,0.827,0.766,0.793,0.858,0.878,0.929,0.831,0.754,0.939,0.883,0.834,0.926,0.857,0.834,0.944,0.835,0.888,0.856,0.933,0.818,0.821,0.925,0.91,0.849,0.931,0.837,0.849,0.926,0.903
31.A@N-99.A@O,0.934,0.931,0.943,0.944,0.911,0.935,0.072,0.956,0.936,0.915,0.0,0.698,0.936,0.014,0.927,0.932,0.0,0.946,0.937,0.908,0.913,0.909,0.931,0.915,0.939,0.921,0.924,0.944,0.943,0.897,0.943,0.913,0.947,0.926,0.951,0.915,0.93,0.937,0.939,0.907,0.907,0.938,0.928,0.917,0.921,0.906,0.913,0.936,0.923,0.909,0.478,0.957,0.899,0.9,0.957,0.938,0.94,0.949,0.884,0.0,0.928,0.947,0.875,0.935,0.937,0.028,0.93,0.93,0.894,0.931,0.928,0.0
19.A@O-32.A@N,0.773,0.818,0.844,0.828,0.794,0.875,0.727,0.783,0.795,0.773,0.868,0.818,0.835,0.658,0.818,0.782,0.761,0.858,0.814,0.774,0.779,0.811,0.816,0.807,0.796,0.771,0.766,0.82,0.807,0.847,0.809,0.802,0.839,0.811,0.829,0.77,0.818,0.799,0.784,0.825,0.912,0.789,0.787,0.812,0.813,0.698,0.83,0.796,0.799,0.746,0.719,0.856,0.83,0.896,0.818,0.82,0.779,0.813,0.831,0.607,0.788,0.802,0.803,0.744,0.831,0.743,0.74,0.767,0.758,0.911,0.824,0.708
35.A@N-95.A@O,0.784,0.878,0.876,0.853,0.656,0.869,0.766,0.906,0.866,0.785,0.393,0.802,0.829,0.816,0.833,0.779,0.852,0.891,0.795,0.726,0.796,0.799,0.787,0.802,0.83,0.792,0.83,0.835,0.839,0.808,0.762,0.763,0.827,0.781,0.824,0.708,0.787,0.89,0.795,0.826,0.781,0.843,0.763,0.875,0.822,0.874,0.856,0.783,0.86,0.805,0.87,0.855,0.837,0.775,0.85,0.847,0.834,0.846,0.811,0.873,0.861,0.818,0.854,0.807,0.799,0.755,0.663,0.703,0.771,0.831,0.83,0.813
15.A@O-36.A@N,0.776,0.801,0.776,0.823,0.925,0.798,0.894,0.76,0.792,0.811,0.843,0.884,0.832,0.911,0.863,0.858,0.758,0.802,0.906,0.863,0.927,0.906,0.844,0.854,0.855,0.836,0.839,0.799,0.847,0.828,0.905,0.785,0.753,0.884,0.857,0.851,0.932,0.713,0.856,0.91,0.84,0.818,0.898,0.755,0.817,0.738,0.771,0.835,0.793,0.85,0.873,0.773,0.817,0.907,0.793,0.783,0.77,0.807,0.807,0.879,0.742,0.888,0.794,0.872,0.91,0.938,0.797,0.891,0.86,0.818,0.781,0.855
43.A@N-87.A@O,0.81,0.878,0.833,0.84,0.791,0.819,0.808,0.789,0.776,0.892,0.767,0.855,0.769,0.854,0.791,0.726,0.841,0.803,0.901,0.843,0.819,0.901,0.82,0.768,0.802,0.844,0.806,0.857,0.835,0.866,0.809,0.838,0.865,0.753,0.78,0.797,0.805,0.838,0.866,0.824,0.799,0.838,0.862,0.79,0.773,0.779,0.849,0.864,0.798,0.774,0.77,0.872,0.862,0.782,0.85,0.807,0.865,0.884,0.833,0.803,0.807,0.836,0.788,0.891,0.864,0.746,0.909,0.8,0.811,0.815,0.839,0.812
43.A@ND1-120.A@O,0.796,0.696,0.648,0.599,0.712,0.908,0.623,0.765,0.714,0.553,0.862,0.614,0.754,0.734,0.0,0.667,0.758,0.757,0.0,0.748,0.47,0.649,0.702,0.501,0.723,0.761,0.73,0.765,0.657,0.175,0.652,0.575,0.0,0.796,0.682,0.754,0.236,0.624,0.316,0.401,0.819,0.864,0.637,0.521,0.722,0.046,0.723,0.34,0.675,0.722,0.458,0.783,0.666,0.758,0.768,0.825,0.783,0.347,0.71,0.565,0.813,0.645,0.64,0.788,0.227,0.688,0.522,0.712,0.699,0.805,0.596,0.393
44.A@N-122.A@O,0.796,0.782,0.794,0.631,0.807,0.793,0.735,0.806,0.791,0.861,0.814,0.789,0.78,0.729,0.779,0.717,0.764,0.788,0.81,0.842,0.153,0.515,0.863,0.833,0.874,0.83,0.819,0.821,0.725,0.452,0.552,0.709,0.245,0.722,0.779,0.828,0.743,0.705,0.092,0.396,0.834,0.803,0.492,0.832,0.861,0.832,0.836,0.117,0.774,0.781,0.764,0.755,0.582,0.81,0.797,0.804,0.836,0.584,0.825,0.665,0.844,0.779,0.755,0.756,0.79,0.881,0.813,0.815,0.818,0.864,0.765,0.604
46.A@N-118.A@O,0.855,0.841,0.8,0.875,0.683,0.861,0.588,0.621,0.556,0.0,0.895,0.864,0.621,0.922,0.851,0.863,0.858,0.745,0.904,0.879,0.0,0.0,0.746,0.631,0.87,0.805,0.751,0.792,0.766,0.0,0.78,0.776,0.901,0.882,0.728,0.535,0.645,0.819,0.876,0.804,0.838,0.873,0.835,0.78,0.892,0.819,0.899,0.0,0.626,0.763,0.707,0.912,0.829,0.643,0.706,0.911,0.817,0.0,0.891,0.8,0.869,0.763,0.495,0.0,0.819,0.777,0.0,0.565,0.588,0.719,0.864,0.898
46.A@NE2-124.A@OD2,0.295,0.432,0.192,0.487,0.261,0.281,0.922,0.329,0.648,0.425,0.648,0.608,0.71,0.432,0.685,0.96,0.622,0.804,0.0,0.727,0.0,0.326,0.869,0.173,0.199,0.62,0.405,0.023,0.499,0.008,0.41,0.082,0.6,0.327,0.51,0.095,0.0,0.467,0.03,0.368,0.521,0.407,0.389,0.984,0.196,0.859,0.567,0.001,0.871,0.496,0.734,0.474,0.47,0.88,0.227,0.817,0.239,0.0,0.687,0.185,0.448,0.07,0.891,0.171,0.2,0.613,0.279,0.601,0.145,0.934,0.451,0.472
47.A@N-82.A@O,0.662,0.35,0.868,0.766,0.82,0.477,0.112,0.804,0.92,0.765,0.632,0.623,0.881,0.571,0.734,0.061,0.762,0.784,0.759,0.711,0.905,0.762,0.572,0.89,0.819,0.579,0.892,0.404,0.856,0.9,0.916,0.69,0.656,0.668,0.829,0.896,0.394,0.489,0.478,0.827,0.601,0.432,0.676,0.016,0.767,0.748,0.659,0.886,0.551,0.892,0.876,0.634,0.795,0.678,0.706,0.786,0.498,0.771,0.628,0.553,0.869,0.848,0.921,0.756,0.355,0.645,0.775,0.32,0.823,0.897,0.635,0.63
48.A@N-116.A@O,0.952,0.959,0.926,0.965,0.9,0.965,0.92,0.942,0.936,0.781,0.964,0.93,0.944,0.942,0.934,0.945,0.909,0.958,0.949,0.951,0.849,0.748,0.965,0.97,0.976,0.96,0.963,0.952,0.95,0.806,0.959,0.966,0.958,0.979,0.968,0.966,0.956,0.942,0.939,0.927,0.952,0.965,0.939,0.96,0.965,0.94,0.945,0.918,0.946,0.932,0.946,0.958,0.948,0.93,0.945,0.942,0.941,0.658,0.943,0.945,0.948,0.93,0.915,0.803,0.965,0.867,0.781,0.962,0.944,0.958,0.942,0.937
49.A@N-62.A@O,0.89,0.874,0.902,0.918,0.882,0.86,0.924,0.881,0.905,0.86,0.898,0.934,0.889,0.917,0.887,0.849,0.924,0.923,0.919,0.905,0.854,0.869,0.91,0.898,0.916,0.893,0.89,0.805,0.891,0.788,0.885,0.932,0.89,0.914,0.897,0.878,0.87,0.908,0.901,0.891,0.929,0.936,0.941,0.837,0.92,0.854,0.911,0.874,0.865,0.893,0.917,0.924,0.846,0.852,0.901,0.909,0.858,0.855,0.907,0.893,0.895,0.891,0.87,0.735,0.914,0.939,0.717,0.87,0.914,0.898,0.898,0.889
51.A@N-151.B@O,0.849,0.794,0.9,0.8,0.841,0.822,0.865,0.878,0.87,0.895,0.865,0.822,0.86,0.824,0.849,0.892,0.853,0.845,0.862,0.814,0.878,0.825,0.756,0.816,0.801,0.842,0.856,0.835,0.886,0.83,0.852,0.837,0.816,0.776,0.86,0.86,0.863,0.866,0.862,0.879,0.816,0.797,0.842,0.805,0.826,0.862,0.89,0.881,0.876,0.839,0.858,0.835,0.861,0.886,0.765,0.818,0.726,0.832,0.801,0.874,0.852,0.82,0.85,0.81,0.809,0.898,0.884,0.856,0.842,0.906,0.833,0.771
52.A@O-53.A@ND2,0.206,0.627,0.702,0.218,0.057,0.647,0.242,0.143,0.746,0.185,0.05,0.075,0.575,0.321,0.743,0.494,0.443,0.042,0.663,0.148,0.228,0.522,0.076,0.59,0.258,0.514,0.714,0.417,0.181,0.734,0.755,0.18,0.17,0.147,0.106,0.704,0.718,0.337,0.786,0.792,0.783,0.475,0.433,0.848,0.084,0.359,0.8,0.641,0.753,0.749,0.712,0.214,0.57,0.658,0.17,0.6,0.775,0.288,0.754,0.167,0.794,0.727,0.739,0.116,0.106,0.016,0.661,0.014,0.012,0.72,0.344,0.699
52.A@OD1-54.A@N,0.154,0.663,0.521,0.297,0.621,0.585,0.822,0.81,0.85,0.363,0.739,0.296,0.525,0.479,0.155,0.564,0.835,0.69,0.639,0.452,0.178,0.776,0.252,0.537,0.716,0.583,0.407,0.35,0.784,0.366,0.822,0.81,0.786,0.825,0.053,0.352,0.678,0.035,0.811,0.698,0.698,0.79,0.757,0.83,0.194,0.615,0.038,0.387,0.568,0.043,0.868,0.818,0.442,0.817,0.551,0.64,0.756,0.309,0.263,0.116,0.646,0.597,0.786,0.15,0.815,0.141,0.709,0.369,0.634,0.825,0.43,0.836
47.A@O-64.A@N,0.743,0.853,0.664,0.838,0.852,0.839,0.726,0.863,0.921,0.853,0.786,0.675,0.928,0.754,0.643,0.626,0.687,0.776,0.642,0.763,0.865,0.78,0.691,0.919,0.856,0.749,0.886,0.758,0.856,0.628,0.833,0.823,0.7,0.895,0.844,0.914,0.748,0.831,0.808,0.757,0.765,0.837,0.761,0.755,0.567,0.836,0.654,0.836,0.837,0.895,0.761,0.704,0.717,0.898,0.776,0.69,0.873,0.841,0.723,0.786,0.728,0.845,0.92,0.699,0.856,0.785,0.329,0.739,0.844,0.866,0.645,0.831
65.A@ND2-69.A@O,0.788,0.627,0.751,0.715,0.275,0.712,0.806,0.562,0.409,0.277,0.613,0.767,0.5,0.806,0.78,0.604,0.788,0.632,0.713,0.562,0.248,0.361,0.758,0.0,0.183,0.78,0.289,0.686,0.064,0.618,0.573,0.201,0.73,0.334,0.738,0.279,0.662,0.812,0.299,0.524,0.803,0.598,0.525,0.728,0.322,0.782,0.725,0.321,0.721,0.648,0.4,0.793,0.776,0.638,0.597,0.636,0.449,0.622,0.567,0.329,0.478,0.247,0.555,0.227,0.799,0.634,0.782,0.74,0.709,0.743,0.721,0.681
71.A@NE2-124.A@OD1,0.26,0.0,0.124,0.497,0.29,0.0,0.905,0.467,0.71,0.561,0.068,0.445,0.765,0.027,0.495,0.986,0.681,0.497,0.0,0.076,0.461,0.237,0.45,0.351,0.0,0.04,0.423,0.039,0.755,0.355,0.42,0.0,0.311,0.0,0.562,0.244,0.052,0.451,0.01,0.694,0.045,0.0,0.424,0.858,0.001,0.071,0.456,0.373,0.91,0.538,0.941,0.512,0.69,0.866,0.328,0.831,0.001,0.0,0.464,0.165,0.209,0.046,0.835,0.041,0.031,0.042,0.279,0.646,0.284,0.954,0.354,0.435
79.A@NE-80.A@O,0.585,0.563,0.279,0.47,0.415,0.632,0.739,0.411,0.129,0.316,0.476,0.4,0.338,0.754,0.583,0.702,0.364,0.06,0.652,0.621,0.463,0.564,0.662,0.147,0.533,0.478,0.336,0.041,0.118,0.288,0.368,0.806,0.134,0.187,0.432,0.313,0.535,0.647,0.395,0.23,0.53,0.645,0.028,0.023,0.028,0.118,0.164,0.002,0.396,0.484,0.513,0.284,0.47,0.475,0.523,0.647,0.133,0.692,0.605,0.654,0.401,0.215,0.318,0.266,0.665,0.279,0.69,0.694,0.284,0.346,0.379,0.061
74.A@O-79.A@NH1,0.71,0.525,0.395,0.522,0.415,0.69,0.494,0.409,0.197,0.459,0.567,0.444,0.131,0.856,0.554,0.512,0.168,0.194,0.681,0.433,0.423,0.542,0.72,0.402,0.528,0.588,0.538,0.057,0.064,0.233,0.0,0.399,0.2,0.274,0.571,0.327,0.028,0.675,0.318,0.065,0.573,0.701,0.034,0.198,0.007,0.03,0.075,0.02,0.426,0.618,0.511,0.286,0.338,0.549,0.486,0.6,0.156,0.214,0.564,0.777,0.467,0.25,0.418,0.411,0.662,0.359,0.325,0.486,0.302,0.543,0.457,0.046
79.A@NH1-101.A@OD2,0.613,0.498,0.253,0.597,0.64,0.462,0.476,0.514,0.423,0.388,0.675,0.677,0.529,0.897,0.527,0.501,0.233,0.649,0.543,0.382,0.627,0.59,0.714,0.609,0.441,0.516,0.466,0.602,0.69,0.447,0.591,0.568,0.605,0.58,0.469,0.33,0.572,0.509,0.397,0.355,0.509,0.562,0.684,0.0,0.0,0.0,0.0,0.495,0.323,0.684,0.419,0.587,0.495,0.363,0.513,0.58,0.474,0.525,0.616,0.544,0.562,0.457,0.532,0.63,0.555,0.607,0.673,0.528,0.344,0.555,0.635,0.47
79.A@NH2-81.A@O,0.814,0.673,0.817,0.844,0.826,0.742,0.357,0.774,0.375,0.677,0.748,0.611,0.175,0.813,0.748,0.202,0.53,0.272,0.712,0.568,0.944,0.937,0.758,0.751,0.864,0.793,0.857,0.101,0.648,0.902,0.353,0.777,0.208,0.723,0.803,0.684,0.04,0.761,0.299,0.083,0.775,0.764,0.064,0.006,0.015,0.298,0.212,0.001,0.487,0.86,0.835,0.327,0.634,0.717,0.772,0.69,0.12,0.737,0.752,0.637,0.616,0.886,0.919,0.615,0.674,0.718,0.779,0.505,0.556,0.808,0.452,0.248
79.A@NH2-101.A@OD2,0.358,0.476,0.774,0.394,0.362,0.565,0.519,0.464,0.68,0.62,0.3,0.299,0.485,0.075,0.522,0.511,0.875,0.369,0.469,0.626,0.378,0.435,0.273,0.345,0.517,0.434,0.489,0.464,0.239,0.456,0.373,0.395,0.691,0.375,0.556,0.692,0.482,0.591,0.726,0.663,0.497,0.424,0.41,0.0,0.0,0.0,0.0,0.399,0.716,0.313,0.578,0.347,0.545,0.69,0.547,0.458,0.496,0.424,0.348,0.422,0.451,0.531,0.477,0.421,0.38,0.368,0.295,0.485,0.743,0.44,0.335,0.566
64.A@O-82.A@N,0.871,0.796,0.913,0.885,0.862,0.742,0.954,0.931,0.892,0.936,0.89,0.853,0.906,0.86,0.911,0.928,0.921,0.75,0.891,0.853,0.768,0.929,0.883,0.965,0.794,0.845,0.884,0.828,0.664,0.917,0.902,0.451,0.816,0.595,0.918,0.865,0.948,0.844,0.666,0.766,0.899,0.745,0.809,0.951,0.284,0.858,0.793,0.479,0.925,0.92,0.953,0.868,0.896,0.956,0.906,0.879,0.796,0.906,0.842,0.845,0.866,0.876,0.898,0.761,0.815,0.759,0.703,0.946,0.916,0.919,0.853,0.802
80.A@O-83.A@N,0.789,0.572,0.55,0.645,0.745,0.717,0.125,0.623,0.812,0.787,0.591,0.682,0.703,0.766,0.682,0.04,0.77,0.815,0.722,0.752,0.482,0.595,0.675,0.807,0.481,0.654,0.557,0.676,0.344,0.674,0.684,0.17,0.815,0.467,0.685,0.769,0.369,0.705,0.32,0.664,0.578,0.697,0.826,0.014,0.162,0.665,0.742,0.359,0.439,0.483,0.369,0.83,0.706,0.535,0.726,0.757,0.768,0.262,0.756,0.316,0.597,0.529,0.735,0.778,0.771,0.564,0.211,0.189,0.687,0.641,0.782,0.779
86.A@ND2-124.A@O,0.666,0.734,0.606,0.389,0.711,0.79,0.753,0.671,0.72,0.813,0.717,0.835,0.642,0.764,0.739,0.144,0.769,0.782,0.812,0.869,0.594,0.661,0.79,0.782,0.288,0.439,0.72,0.655,0.682,0.311,0.235,0.0,0.0,0.159,0.673,0.828,0.826,0.725,0.087,0.247,0.53,0.738,0.404,0.761,0.506,0.832,0.702,0.692,0.713,0.512,0.821,0.708,0.757,0.839,0.779,0.805,0.541,0.312,0.842,0.161,0.434,0.863,0.796,0.794,0.826,0.507,0.677,0.751,0.788,0.676,0.818,0.756
43.A@O-87.A@N,0.931,0.952,0.924,0.91,0.954,0.919,0.93,0.929,0.953,0.94,0.937,0.935,0.943,0.914,0.953,0.881,0.942,0.949,0.944,0.949,0.954,0.965,0.958,0.942,0.889,0.903,0.949,0.943,0.938,0.874,0.925,0.928,0.905,0.886,0.942,0.963,0.958,0.946,0.887,0.912,0.916,0.948,0.929,0.92,0.85,0.925,0.939,0.919,0.952,0.951,0.931,0.944,0.943,0.95,0.954,0.937,0.937,0.863,0.933,0.884,0.929,0.954,0.948,0.937,0.928,0.937,0.949,0.925,0.956,0.928,0.905,0.923
41.A@O-89.A@N,0.917,0.898,0.896,0.873,0.924,0.91,0.884,0.89,0.911,0.898,0.813,0.887,0.918,0.892,0.903,0.848,0.843,0.906,0.907,0.905,0.861,0.903,0.904,0.888,0.881,0.886,0.898,0.876,0.893,0.875,0.864,0.892,0.849,0.693,0.904,0.898,0.853,0.917,0.883,0.836,0.899,0.913,0.864,0.866,0.872,0.883,0.901,0.862,0.909,0.904,0.9,0.899,0.884,0.889,0.916,0.915,0.909,0.884,0.91,0.901,0.903,0.885,0.897,0.918,0.853,0.89,0.916,0.924,0.908,0.909,0.881,0.888
90.A@N-94.A@O,0.79,0.818,0.794,0.802,0.888,0.866,0.802,0.795,0.804,0.787,0.506,0.805,0.804,0.807,0.663,0.842,0.832,0.833,0.807,0.822,0.849,0.844,0.607,0.821,0.85,0.779,0.771,0.823,0.796,0.839,0.8,0.732,0.818,0.77,0.825,0.778,0.747,0.807,0.798,0.801,0.734,0.812,0.842,0.793,0.799,0.663,0.851,0.767,0.812,0.801,0.787,0.831,0.822,0.793,0.831,0.838,0.849,0.824,0.822,0.701,0.823,0.858,0.799,0.861,0.805,0.901,0.797,0.781,0.807,0.728,0.787,0.794
35.A@O-95.A@N,0.87,0.914,0.898,0.884,0.888,0.88,0.887,0.862,0.858,0.903,0.745,0.916,0.907,0.881,0.872,0.869,0.916,0.838,0.928,0.897,0.926,0.909,0.843,0.893,0.873,0.898,0.904,0.904,0.886,0.901,0.906,0.917,0.862,0.879,0.908,0.901,0.93,0.858,0.867,0.836,0.895,0.929,0.893,0.892,0.903,0.869,0.873,0.889,0.888,0.925,0.852,0.876,0.876,0.924,0.895,0.886,0.897,0.928,0.931,0.894,0.902,0.921,0.885,0.909,0.896,0.927,0.875,0.901,0.878,0.878,0.885,0.892
33.A@O-97.A@N,0.78,0.75,0.723,0.757,0.735,0.759,0.629,0.767,0.709,0.659,0.255,0.726,0.672,0.735,0.769,0.742,0.736,0.759,0.786,0.735,0.752,0.761,0.741,0.68,0.779,0.79,0.762,0.73,0.785,0.705,0.729,0.678,0.78,0.734,0.732,0.765,0.697,0.782,0.731,0.74,0.802,0.768,0.756,0.766,0.76,0.76,0.721,0.713,0.755,0.784,0.748,0.766,0.75,0.681,0.772,0.783,0.671,0.747,0.757,0.773,0.748,0.792,0.565,0.673,0.717,0.724,0.738,0.76,0.686,0.769,0.713,0.715
29.A@O-101.A@N,0.746,0.752,0.807,0.813,0.751,0.721,0.008,0.845,0.802,0.72,0.018,0.876,0.828,0.589,0.78,0.793,0.0,0.707,0.783,0.686,0.79,0.659,0.767,0.783,0.832,0.765,0.786,0.813,0.798,0.763,0.85,0.796,0.718,0.835,0.828,0.826,0.815,0.812,0.792,0.785,0.827,0.77,0.647,0.634,0.874,0.8,0.851,0.671,0.817,0.76,0.289,0.733,0.661,0.825,0.796,0.738,0.177,0.81,0.699,0.653,0.788,0.838,0.786,0.77,0.813,0.001,0.794,0.837,0.189,0.825,0.775,0.0
22.A@OE1-106.A@N,0.694,0.519,0.783,0.67,0.747,0.566,0.702,0.562,0.679,0.651,0.628,0.211,0.571,0.444,0.745,0.688,0.85,0.503,0.607,0.673,0.717,0.595,0.66,0.463,0.728,0.706,0.702,0.459,0.535,0.637,0.508,0.658,0.612,0.6,0.828,0.692,0.834,0.738,0.529,0.7,0.807,0.634,0.769,0.291,0.739,0.24,0.706,0.656,0.655,0.823,0.772,0.852,0.804,0.529,0.478,0.732,0.01,0.679,0.744,0.547,0.821,0.777,0.677,0.561,0.423,0.22,0.618,0.827,0.75,0.663,0.775,0.747
114.A@N-149.A@O,0.871,0.852,0.888,0.884,0.887,0.945,0.896,0.877,0.913,0.932,0.887,0.856,0.901,0.864,0.915,0.904,0.88,0.878,0.905,0.881,0.906,0.922,0.906,0.867,0.9,0.866,0.882,0.873,0.86,0.896,0.903,0.896,0.9,0.895,0.882,0.865,0.864,0.931,0.905,0.875,0.905,0.908,0.829,0.906,0.853,0.941,0.868,0.926,0.927,0.901,0.867,0.882,0.9,0.9,0.936,0.792,0.917,0.902,0.918,0.856,0.882,0.898,0.92,0.939,0.909,0.844,0.947,0.913,0.852,0.914,0.809,0.856
111.A@O-115.A@NE,0.586,0.321,0.768,0.155,0.005,0.448,0.102,0.649,0.032,0.577,0.55,0.13,0.659,0.661,0.693,0.492,0.29,0.753,0.695,0.575,0.523,0.136,0.414,0.72,0.59,0.639,0.716,0.676,0.672,0.363,0.711,0.605,0.604,0.48,0.658,0.734,0.663,0.228,0.362,0.778,0.392,0.05,0.216,0.442,0.518,0.342,0.803,0.333,0.193,0.103,0.806,0.661,0.659,0.061,0.421,0.669,0.0,0.695,0.558,0.37,0.27,0.711,0.047,0.375,0.237,0.349,0.63,0.338,0.575,0.728,0.672,0.551
49.A@O-115.A@NH1,0.96,0.956,0.945,0.227,0.034,0.976,0.147,0.935,0.047,0.965,0.958,0.257,0.93,0.964,0.948,0.95,0.409,0.965,0.976,0.964,0.953,0.976,0.698,0.958,0.952,0.956,0.945,0.962,0.951,0.524,0.945,0.956,0.965,0.855,0.931,0.922,0.857,0.309,0.505,0.931,0.577,0.202,0.32,0.937,0.882,0.461,0.963,0.431,0.25,0.177,0.937,0.962,0.965,0.092,0.897,0.97,0.0,0.928,0.969,0.764,0.345,0.937,0.111,0.772,0.545,0.444,0.947,0.955,0.714,0.945,0.962,0.893
46.A@O-118.A@N,0.919,0.947,0.86,0.898,0.879,0.948,0.701,0.781,0.74,0.001,0.947,0.902,0.794,0.951,0.913,0.836,0.873,0.866,0.934,0.937,0.0,0.0,0.876,0.778,0.852,0.904,0.839,0.889,0.799,0.0,0.85,0.935,0.951,0.955,0.803,0.759,0.744,0.867,0.921,0.828,0.926,0.956,0.901,0.806,0.943,0.907,0.94,0.0,0.777,0.836,0.801,0.945,0.881,0.786,0.81,0.947,0.908,0.0,0.943,0.853,0.936,0.837,0.736,0.0,0.959,0.851,0.0,0.699,0.741,0.822,0.918,0.96
119.A@N-145.A@O,0.91,0.921,0.95,0.92,0.926,0.93,0.83,0.941,0.936,0.937,0.946,0.938,0.95,0.94,0.918,0.955,0.939,0.93,0.926,0.915,0.033,0.899,0.931,0.936,0.926,0.919,0.961,0.931,0.964,0.833,0.942,0.887,0.929,0.948,0.956,0.952,0.97,0.932,0.943,0.964,0.923,0.962,0.962,0.84,0.955,0.923,0.93,0.945,0.964,0.957,0.954,0.931,0.945,0.955,0.958,0.876,0.898,0.906,0.955,0.948,0.892,0.946,0.947,0.931,0.927,0.923,0.817,0.894,0.915,0.955,0.925,0.929
44.A@O-120.A@N,0.895,0.805,0.871,0.898,0.932,0.901,0.875,0.887,0.886,0.883,0.876,0.87,0.892,0.901,0.904,0.92,0.89,0.865,0.872,0.831,0.764,0.878,0.876,0.925,0.867,0.859,0.914,0.863,0.891,0.849,0.886,0.808,0.902,0.895,0.931,0.922,0.936,0.864,0.858,0.909,0.874,0.854,0.901,0.876,0.735,0.898,0.832,0.933,0.919,0.927,0.935,0.863,0.841,0.913,0.894,0.841,0.836,0.783,0.87,0.91,0.771,0.903,0.743,0.88,0.877,0.885,0.86,0.875,0.805,0.922,0.814,0.871
121.A@N-142.A@O,0.825,0.726,0.869,0.853,0.904,0.804,0.896,0.913,0.873,0.706,0.851,0.848,0.902,0.825,0.801,0.816,0.842,0.897,0.838,0.797,0.385,0.299,0.928,0.891,0.85,0.808,0.902,0.878,0.87,0.774,0.881,0.738,0.875,0.678,0.92,0.888,0.875,0.845,0.875,0.851,0.836,0.651,0.795,0.773,0.903,0.851,0.807,0.684,0.897,0.893,0.742,0.839,0.829,0.895,0.872,0.904,0.831,0.665,0.842,0.831,0.839,0.858,0.846,0.551,0.86,0.861,0.454,0.866,0.871,0.884,0.835,0.725
124.A@OD1-126.A@N,0.277,0.528,0.252,0.513,0.282,0.144,0.972,0.372,0.693,0.474,0.436,0.64,0.705,0.231,0.755,0.885,0.779,0.381,0.0,0.746,0.56,0.453,0.734,0.17,0.248,0.203,0.402,0.03,0.789,0.066,0.39,0.011,0.372,0.174,0.522,0.046,0.0,0.529,0.246,0.366,0.158,0.279,0.483,0.928,0.069,0.505,0.616,0.606,0.892,0.489,0.869,0.505,0.81,0.855,0.352,0.966,0.271,0.0,0.754,0.066,0.297,0.094,0.841,0.154,0.036,0.342,0.249,0.584,0.155,0.955,0.493,0.482
133.A@O-138.A@N,0.37,0.018,0.135,0.48,0.423,0.139,0.787,0.57,0.684,0.311,0.603,0.635,0.521,0.651,0.451,0.383,0.496,0.315,0.703,0.822,0.604,0.624,0.381,0.357,0.226,0.53,0.51,0.451,0.664,0.745,0.625,0.061,0.481,0.131,0.68,0.524,0.546,0.358,0.003,0.611,0.047,0.216,0.287,0.44,0.297,0.551,0.221,0.301,0.652,0.331,0.56,0.553,0.428,0.469,0.705,0.82,0.243,0.709,0.043,0.588,0.205,0.415,0.577,0.465,0.829,0.11,0.189,0.528,0.688,0.416,0.477,0.644
119.A@O-144.A@N,0.821,0.449,0.872,0.873,0.934,0.813,0.915,0.87,0.895,0.798,0.863,0.762,0.885,0.776,0.914,0.923,0.91,0.901,0.907,0.679,0.691,0.456,0.904,0.907,0.911,0.804,0.88,0.922,0.906,0.832,0.919,0.697,0.675,0.195,0.925,0.93,0.833,0.904,0.848,0.928,0.904,0.238,0.904,0.099,0.895,0.822,0.825,0.846,0.914,0.921,0.869,0.881,0.843,0.87,0.837,0.898,0.745,0.709,0.533,0.766,0.792,0.836,0.911,0.233,0.745,0.905,0.576,0.778,0.918,0.833,0.765,0.016
9.A@O-146.A@N,0.645,0.792,0.757,0.692,0.0,0.701,0.656,0.504,0.769,0.822,0.471,0.673,0.757,0.648,0.615,0.737,0.737,0.767,0.649,0.663,0.011,0.81,0.657,0.762,0.673,0.545,0.788,0.756,0.785,0.005,0.671,0.601,0.686,0.648,0.721,0.692,0.791,0.683,0.744,0.763,0.605,0.726,0.768,0.78,0.813,0.687,0.708,0.01,0.761,0.738,0.725,0.719,0.703,0.832,0.736,0.662,0.622,0.26,0.718,0.69,0.725,0.706,0.718,0.81,0.572,0.64,0.63,0.696,0.66,0.72,0.76,0.584
115.A@O-149.A@N,0.94,0.909,0.942,0.943,0.819,0.918,0.923,0.941,0.946,0.884,0.953,0.892,0.945,0.937,0.936,0.89,0.911,0.947,0.948,0.945,0.914,0.788,0.936,0.935,0.939,0.942,0.954,0.917,0.955,0.899,0.95,0.919,0.931,0.948,0.949,0.939,0.928,0.935,0.954,0.919,0.921,0.925,0.922,0.926,0.911,0.934,0.925,0.922,0.915,0.926,0.93,0.952,0.926,0.893,0.942,0.921,0.958,0.924,0.933,0.919,0.954,0.947,0.922,0.869,0.935,0.916,0.863,0.866,0.788,0.945,0.833,0.925
5.A@O-150.A@N,0.874,0.934,0.866,0.843,0.666,0.9,0.827,0.874,0.835,0.846,0.867,0.797,0.884,0.887,0.925,0.897,0.873,0.849,0.872,0.903,0.845,0.892,0.873,0.86,0.851,0.889,0.863,0.866,0.842,0.842,0.836,0.855,0.872,0.877,0.859,0.872,0.823,0.87,0.815,0.848,0.882,0.898,0.769,0.909,0.805,0.926,0.829,0.847,0.887,0.893,0.893,0.844,0.884,0.843,0.887,0.826,0.913,0.848,0.873,0.868,0.874,0.86,0.914,0.89,0.891,0.833,0.862,0.813,0.801,0.867,0.863,0.876
114.B@O-151.A@N,0.889,0.869,0.859,0.826,0.733,0.824,0.839,0.881,0.859,0.815,0.828,0.826,0.862,0.857,0.812,0.865,0.879,0.846,0.84,0.882,0.786,0.849,0.825,0.755,0.858,0.847,0.833,0.844,0.827,0.778,0.765,0.835,0.805,0.839,0.818,0.896,0.841,0.804,0.764,0.86,0.854,0.849,0.718,0.84,0.81,0.827,0.86,0.779,0.823,0.848,0.833,0.805,0.749,0.867,0.797,0.492,0.821,0.791,0.832,0.866,0.822,0.88,0.845,0.862,0.871,0.857,0.822,0.79,0.838,0.726,0.877,0.776
3.A@O-152.A@N,0.484,0.536,0.451,0.623,0.536,0.611,0.771,0.6,0.635,0.602,0.562,0.697,0.559,0.603,0.468,0.635,0.693,0.589,0.587,0.535,0.68,0.576,0.595,0.708,0.626,0.684,0.58,0.531,0.594,0.631,0.644,0.634,0.661,0.592,0.615,0.655,0.646,0.41,0.636,0.808,0.608,0.534,0.775,0.441,0.689,0.447,0.651,0.617,0.516,0.575,0.611,0.634,0.672,0.667,0.655,0.696,0.32,0.452,0.614,0.644,0.6,0.602,0.616,0.554,0.445,0.656,0.647,0.725,0.616,0.605,0.636,0.628
5.B@N-150.B@O,0.939,0.963,0.885,0.959,0.924,0.932,0.92,0.934,0.953,0.913,0.927,0.939,0.948,0.945,0.94,0.932,0.955,0.959,0.941,0.936,0.941,0.931,0.929,0.941,0.914,0.934,0.943,0.946,0.93,0.952,0.936,0.94,0.953,0.972,0.946,0.947,0.935,0.919,0.94,0.942,0.949,0.942,0.934,0.954,0.909,0.94,0.929,0.941,0.936,0.953,0.939,0.951,0.948,0.954,0.948,0.889,0.92,0.946,0.958,0.945,0.967,0.946,0.948,0.948,0.934,0.94,0.908,0.936,0.95,0.946,0.952,0.914
6.B@N-18.B@O,0.915,0.868,0.923,0.949,0.85,0.855,0.914,0.9,0.932,0.811,0.912,0.898,0.932,0.882,0.919,0.922,0.903,0.921,0.896,0.916,0.897,0.904,0.868,0.93,0.921,0.935,0.889,0.879,0.922,0.902,0.937,0.942,0.917,0.925,0.92,0.912,0.901,0.866,0.948,0.943,0.921,0.931,0.921,0.923,0.901,0.929,0.918,0.917,0.912,0.891,0.909,0.935,0.929,0.898,0.891,0.898,0.916,0.921,0.897,0.907,0.962,0.922,0.927,0.898,0.901,0.893,0.779,0.905,0.939,0.906,0.937,0.884
8.B@N-16.B@O,0.822,0.862,0.801,0.834,0.837,0.856,0.883,0.837,0.822,0.467,0.86,0.803,0.849,0.816,0.825,0.846,0.825,0.823,0.835,0.82,0.846,0.831,0.843,0.809,0.783,0.77,0.83,0.792,0.856,0.82,0.833,0.83,0.84,0.819,0.843,0.845,0.863,0.843,0.813,0.828,0.819,0.795,0.824,0.808,0.816,0.801,0.824,0.802,0.8,0.793,0.807,0.883,0.833,0.794,0.804,0.837,0.821,0.825,0.853,0.868,0.809,0.798,0.802,0.849,0.81,0.849,0.882,0.878,0.867,0.849,0.839,0.781
6.B@O-18.B@N,0.909,0.891,0.868,0.771,0.876,0.908,0.945,0.892,0.911,0.838,0.899,0.898,0.912,0.88,0.825,0.916,0.866,0.907,0.905,0.88,0.863,0.845,0.933,0.899,0.899,0.878,0.893,0.902,0.934,0.865,0.895,0.897,0.908,0.92,0.915,0.906,0.896,0.861,0.886,0.935,0.904,0.889,0.895,0.862,0.921,0.893,0.882,0.911,0.87,0.865,0.913,0.906,0.915,0.865,0.883,0.899,0.906,0.905,0.897,0.868,0.869,0.909,0.898,0.9,0.919,0.874,0.871,0.894,0.899,0.901,0.926,0.899
19.B@N-32.B@O,0.932,0.926,0.947,0.922,0.911,0.91,0.925,0.933,0.945,0.9,0.936,0.892,0.927,0.928,0.949,0.92,0.946,0.935,0.937,0.942,0.962,0.938,0.936,0.931,0.943,0.94,0.941,0.934,0.906,0.935,0.937,0.926,0.92,0.945,0.906,0.937,0.943,0.948,0.934,0.925,0.887,0.937,0.894,0.943,0.929,0.931,0.923,0.937,0.929,0.955,0.95,0.909,0.902,0.938,0.914,0.953,0.941,0.947,0.94,0.917,0.919,0.94,0.94,0.936,0.935,0.943,0.947,0.923,0.939,0.924,0.902,0.936
4.B@O-20.B@N,0.923,0.86,0.913,0.891,0.897,0.829,0.88,0.902,0.855,0.915,0.853,0.847,0.906,0.878,0.881,0.908,0.879,0.836,0.907,0.836,0.879,0.863,0.807,0.881,0.8,0.824,0.837,0.809,0.876,0.894,0.878,0.869,0.904,0.872,0.84,0.863,0.912,0.853,0.908,0.838,0.891,0.885,0.926,0.892,0.927,0.893,0.907,0.855,0.85,0.906,0.839,0.895,0.872,0.848,0.861,0.881,0.858,0.872,0.868,0.929,0.873,0.879,0.906,0.871,0.856,0.881,0.911,0.911,0.906,0.87,0.903,0.886
2.B@O-22.B@N,0.889,0.72,0.937,0.91,0.926,0.938,0.857,0.958,0.901,0.87,0.925,0.903,0.731,0.92,0.926,0.92,0.896,0.912,0.906,0.937,0.901,0.869,0.915,0.901,0.902,0.936,0.92,0.922,0.887,0.902,0.926,0.918,0.895,0.923,0.896,0.923,0.901,0.897,0.881,0.884,0.927,0.884,0.902,0.907,0.872,0.861,0.908,0.883,0.906,0.904,0.867,0.922,0.918,0.909,0.91,0.916,0.914,0.874,0.901,0.905,0.924,0.902,0.932,0.923,0.924,0.921,0.887,0.894,0.889,0.913,0.896,0.881
29.B@N-101.B@O,0.738,0.741,0.79,0.739,0.789,0.809,0.896,0.813,0.84,0.205,0.838,0.767,0.809,0.82,0.836,0.84,0.856,0.841,0.824,0.856,0.824,0.786,0.836,0.802,0.837,0.857,0.846,0.876,0.832,0.776,0.806,0.837,0.861,0.868,0.869,0.768,0.744,0.853,0.829,0.895,0.827,0.836,0.605,0.668,0.692,0.741,0.72,0.834,0.649,0.84,0.877,0.856,0.789,0.841,0.755,0.789,0.836,0.823,0.803,0.783,0.839,0.91,0.792,0.876,0.809,0.886,0.867,0.845,0.807,0.839,0.765,0.829
21.B@O-30.B@N,0.841,0.788,0.855,0.873,0.862,0.895,0.907,0.857,0.873,0.839,0.852,0.816,0.811,0.838,0.886,0.85,0.832,0.88,0.853,0.879,0.879,0.903,0.853,0.848,0.859,0.886,0.842,0.843,0.876,0.855,0.836,0.864,0.881,0.912,0.833,0.836,0.85,0.855,0.863,0.949,0.882,0.826,0.874,0.866,0.866,0.884,0.896,0.889,0.865,0.816,0.929,0.88,0.845,0.881,0.883,0.849,0.833,0.937,0.824,0.851,0.885,0.936,0.827,0.855,0.844,0.923,0.915,0.861,0.845,0.861,0.848,0.849
31.B@N-99.B@O,0.927,0.922,0.901,0.928,0.913,0.92,0.946,0.927,0.943,0.921,0.929,0.94,0.914,0.934,0.924,0.899,0.919,0.929,0.945,0.907,0.938,0.916,0.919,0.923,0.923,0.932,0.929,0.912,0.92,0.93,0.929,0.918,0.922,0.896,0.928,0.939,0.879,0.947,0.933,0.929,0.945,0.919,0.917,0.649,0.91,0.941,0.925,0.907,0.902,0.904,0.939,0.946,0.942,0.926,0.931,0.938,0.926,0.947,0.934,0.91,0.928,0.952,0.93,0.921,0.929,0.931,0.891,0.93,0.935,0.916,0.908,0.926
19.B@O-32.B@N,0.827,0.843,0.782,0.781,0.764,0.857,0.848,0.776,0.8,0.869,0.795,0.816,0.84,0.806,0.747,0.822,0.841,0.783,0.849,0.732,0.764,0.749,0.812,0.781,0.84,0.772,0.835,0.797,0.784,0.737,0.82,0.787,0.772,0.777,0.745,0.784,0.839,0.797,0.804,0.839,0.876,0.824,0.895,0.735,0.821,0.784,0.828,0.822,0.746,0.806,0.818,0.802,0.789,0.79,0.884,0.804,0.808,0.848,0.827,0.851,0.78,0.787,0.752,0.778,0.823,0.83,0.85,0.859,0.78,0.769,0.921,0.85
15.B@O-36.B@N,0.809,0.906,0.897,0.797,0.781,0.827,0.798,0.826,0.836,0.842,0.891,0.856,0.757,0.932,0.869,0.87,0.786,0.85,0.871,0.896,0.87,0.87,0.849,0.815,0.866,0.907,0.876,0.79,0.784,0.823,0.819,0.83,0.818,0.899,0.857,0.823,0.914,0.797,0.885,0.815,0.793,0.823,0.858,0.863,0.753,0.805,0.794,0.917,0.792,0.878,0.864,0.803,0.813,0.88,0.851,0.843,0.843,0.932,0.869,0.904,0.823,0.826,0.883,0.875,0.878,0.866,0.883,0.797,0.913,0.886,0.837,0.902
43.B@ND1-120.B@O,0.739,0.919,0.677,0.647,0.303,0.511,0.79,0.822,0.557,0.679,0.71,0.765,0.735,0.791,0.224,0.794,0.817,0.665,0.0,0.287,0.622,0.625,0.648,0.681,0.789,0.745,0.771,0.465,0.737,0.538,0.658,0.832,0.52,0.967,0.683,0.806,0.525,0.822,0.761,0.753,0.748,0.06,0.807,0.889,0.687,0.748,0.826,0.812,0.743,0.721,0.293,0.715,0.167,0.0,0.861,0.797,0.82,0.492,0.587,0.812,0.702,0.803,0.568,0.825,0.81,0.66,0.096,0.891,0.12,0.788,0.783,0.2
44.B@N-122.B@O,0.807,0.852,0.734,0.745,0.508,0.799,0.763,0.701,0.696,0.693,0.695,0.9,0.795,0.813,0.879,0.806,0.818,0.761,0.2,0.761,0.55,0.757,0.87,0.797,0.797,0.867,0.848,0.508,0.869,0.654,0.838,0.851,0.503,0.906,0.784,0.779,0.562,0.781,0.796,0.829,0.799,0.31,0.81,0.778,0.651,0.816,0.766,0.898,0.8,0.794,0.542,0.827,0.397,0.578,0.79,0.78,0.863,0.363,0.781,0.78,0.774,0.829,0.695,0.877,0.7,0.759,0.839,0.81,0.097,0.826,0.794,0.432
45.B@N-85.B@O,0.848,0.831,0.818,0.792,0.934,0.871,0.851,0.669,0.728,0.817,0.77,0.854,0.839,0.849,0.886,0.842,0.841,0.847,0.518,0.767,0.967,0.806,0.925,0.825,0.833,0.875,0.651,0.731,0.749,0.792,0.812,0.847,0.726,0.882,0.754,0.869,0.73,0.85,0.823,0.863,0.777,0.782,0.837,0.813,0.861,0.772,0.826,0.878,0.87,0.936,0.76,0.769,0.714,0.706,0.83,0.848,0.913,0.779,0.818,0.962,0.81,0.825,0.65,0.747,0.827,0.937,0.858,0.8,0.655,0.576,0.843,0.641
46.B@N-118.B@O,0.87,0.823,0.579,0.853,0.0,0.638,0.884,0.899,0.76,0.748,0.845,0.672,0.865,0.912,0.756,0.702,0.869,0.906,0.903,0.776,0.0,0.757,0.595,0.84,0.891,0.658,0.903,0.858,0.839,0.746,0.81,0.783,0.789,0.816,0.767,0.889,0.84,0.905,0.842,0.892,0.894,0.863,0.885,0.612,0.369,0.838,0.78,0.859,0.688,0.0,0.849,0.916,0.766,0.829,0.891,0.835,0.826,0.853,0.904,0.0,0.9,0.681,0.772,0.782,0.914,0.0,0.782,0.87,0.884,0.0,0.827,0.0
46.B@NE2-124.B@OD1,0.558,0.303,0.656,0.089,0.229,0.124,0.063,0.015,0.594,0.229,0.094,0.195,0.0,0.413,0.402,0.016,0.034,0.0,0.067,0.274,0.0,0.933,0.082,0.128,0.151,0.0,0.369,0.0,0.235,0.0,0.379,0.0,0.992,0.283,0.521,0.133,0.31,0.017,0.106,0.0,0.256,0.225,0.085,0.0,0.585,0.109,0.727,0.162,0.0,0.242,0.216,0.281,0.0,0.015,0.0,0.084,0.092,0.0,0.379,0.404,0.003,0.095,0.022,0.351,0.12,0.334,0.234,0.459,0.0,0.178,0.101,0.023
48.B@N-116.B@O,0.963,0.964,0.958,0.956,0.784,0.896,0.947,0.943,0.944,0.97,0.967,0.962,0.952,0.95,0.966,0.956,0.957,0.946,0.98,0.965,0.799,0.906,0.966,0.958,0.967,0.978,0.973,0.926,0.945,0.955,0.949,0.951,0.97,0.971,0.921,0.977,0.952,0.969,0.966,0.965,0.934,0.972,0.904,0.982,0.923,0.939,0.94,0.954,0.965,0.738,0.946,0.966,0.933,0.931,0.963,0.951,0.98,0.947,0.961,0.807,0.896,0.944,0.934,0.98,0.966,0.893,0.963,0.952,0.924,0.896,0.973,0.821
49.B@N-62.B@O,0.912,0.886,0.905,0.917,0.719,0.895,0.912,0.892,0.92,0.865,0.916,0.931,0.908,0.908,0.908,0.915,0.886,0.897,0.937,0.851,0.808,0.855,0.85,0.887,0.908,0.892,0.918,0.89,0.869,0.896,0.892,0.877,0.903,0.963,0.914,0.881,0.906,0.913,0.951,0.907,0.856,0.934,0.928,0.903,0.845,0.907,0.91,0.89,0.889,0.841,0.906,0.953,0.861,0.907,0.917,0.909,0.928,0.879,0.882,0.583,0.905,0.921,0.875,0.9,0.914,0.921,0.928,0.896,0.893,0.873,0.899,0.841
50.B@N-60.B@O,0.742,0.599,0.612,0.522,0.261,0.546,0.608,0.698,0.613,0.679,0.562,0.531,0.584,0.671,0.674,0.438,0.661,0.567,0.088,0.576,0.674,0.473,0.821,0.599,0.668,0.496,0.664,0.498,0.609,0.479,0.546,0.595,0.601,0.524,0.391,0.805,0.467,0.665,0.713,0.604,0.699,0.619,0.51,0.491,0.607,0.568,0.468,0.651,0.668,0.567,0.662,0.51,0.512,0.504,0.573,0.702,0.714,0.542,0.557,0.501,0.505,0.397,0.411,0.677,0.767,0.463,0.602,0.62,0.687,0.612,0.673,0.453
51.B@N-151.A@O,0.782,0.801,0.843,0.86,0.907,0.874,0.855,0.804,0.802,0.802,0.821,0.83,0.828,0.854,0.862,0.823,0.787,0.827,0.777,0.807,0.899,0.844,0.872,0.827,0.822,0.851,0.819,0.858,0.837,0.863,0.85,0.87,0.849,0.76,0.868,0.806,0.819,0.814,0.765,0.815,0.838,0.793,0.82,0.877,0.84,0.838,0.85,0.853,0.827,0.845,0.819,0.796,0.886,0.832,0.853,0.777,0.648,0.844,0.847,0.832,0.793,0.854,0.87,0.853,0.829,0.843,0.804,0.856,0.764,0.875,0.8,0.598
52.B@O-53.B@ND2,0.07,0.784,0.77,0.795,0.179,0.318,0.498,0.179,0.325,0.113,0.365,0.095,0.394,0.241,0.083,0.785,0.574,0.0,0.19,0.476,0.517,0.776,0.537,0.779,0.39,0.815,0.04,0.285,0.2,0.628,0.415,0.692,0.782,0.65,0.352,0.185,0.0,0.034,0.0,0.784,0.513,0.0,0.122,0.752,0.774,0.437,0.137,0.443,0.301,0.397,0.641,0.745,0.786,0.113,0.577,0.391,0.347,0.004,0.157,0.243,0.446,0.35,0.744,0.438,0.463,0.24,0.6,0.707,0.095,0.83,0.742,0.788
52.B@OD1-54.B@N,0.764,0.419,0.614,0.794,0.362,0.599,0.612,0.73,0.838,0.595,0.245,0.643,0.594,0.799,0.383,0.578,0.847,0.754,0.805,0.803,0.538,0.534,0.823,0.476,0.829,0.635,0.811,0.355,0.614,0.63,0.666,0.827,0.509,0.529,0.494,0.811,0.608,0.767,0.823,0.66,0.606,0.772,0.443,0.688,0.674,0.793,0.815,0.804,0.722,0.332,0.787,0.85,0.113,0.79,0.428,0.827,0.658,0.071,0.341,0.449,0.568,0.495,0.538,0.779,0.098,0.275,0.359,0.353,0.865,0.465,0.853,0.426
65.B@ND2-69.B@O,0.795,0.282,0.415,0.56,0.585,0.745,0.749,0.662,0.815,0.393,0.441,0.305,0.585,0.679,0.001,0.322,0.854,0.803,0.67,0.72,0.342,0.827,0.8,0.0,0.679,0.686,0.444,0.699,0.404,0.752,0.148,0.674,0.594,0.0,0.817,0.375,0.495,0.783,0.085,0.838,0.518,0.0,0.232,0.518,0.13,0.53,0.719,0.354,0.664,0.256,0.928,0.262,0.555,0.135,0.8,0.602,0.056,0.329,0.865,0.382,0.857,0.779,0.48,0.606,0.317,0.448,0.158,0.519,0.068,0.39,0.86,0.527
71.B@NE2-124.B@OD2,0.503,0.214,0.71,0.059,0.289,0.165,0.044,0.0,0.0,0.0,0.118,0.344,0.008,0.044,0.0,0.128,0.0,0.0,0.112,0.296,0.028,0.99,0.109,0.0,0.0,0.313,0.0,0.001,0.284,0.123,0.418,0.098,0.969,0.3,0.173,0.0,0.351,0.0,0.001,0.0,0.0,0.253,0.002,0.12,0.591,0.001,0.772,0.432,0.08,0.327,0.0,0.0,0.0,0.016,0.007,0.067,0.0,0.0,0.038,0.018,0.003,0.139,0.01,0.431,0.0,0.795,0.619,0.295,0.0,0.171,0.008,0.003
79.B@NH2-81.B@O,0.742,0.71,0.886,0.908,0.897,0.516,0.691,0.02,0.696,0.451,0.263,0.252,0.757,0.753,0.859,0.886,0.746,0.261,0.704,0.033,0.832,0.16,0.938,0.606,0.787,0.371,0.18,0.792,0.846,0.767,0.876,0.765,0.776,0.817,0.755,0.798,0.415,0.793,0.58,0.757,0.147,0.185,0.306,0.014,0.043,0.025,0.487,0.103,0.856,0.778,0.896,0.294,0.639,0.596,0.802,0.28,0.816,0.252,0.741,0.934,0.671,0.241,0.825,0.556,0.846,0.244,0.87,0.651,0.076,0.622,0.665,0.878
79.B@NH2-101.B@OD1,0.479,0.456,0.433,0.413,0.729,0.285,0.581,0.523,0.428,0.264,0.143,0.593,0.484,0.373,0.478,0.144,0.453,0.324,0.429,0.343,0.221,0.38,0.398,0.346,0.388,0.456,0.37,0.607,0.373,0.467,0.478,0.472,0.512,0.986,0.593,0.485,0.566,0.475,0.471,0.434,0.524,0.692,0.573,0.0,0.02,0.0,0.0,0.403,0.209,0.297,0.518,0.456,0.552,0.538,0.527,0.448,0.741,0.364,0.424,0.491,0.395,0.373,0.405,0.607,0.498,0.429,0.381,0.424,0.52,0.47,0.46,0.579
64.B@O-82.B@N,0.87,0.882,0.948,0.744,0.602,0.93,0.903,0.848,0.912,0.789,0.393,0.826,0.872,0.891,0.634,0.896,0.844,0.865,0.87,0.91,0.932,0.909,0.805,0.834,0.853,0.83,0.748,0.844,0.889,0.929,0.767,0.89,0.928,0.564,0.925,0.827,0.729,0.809,0.635,0.85,0.755,0.673,0.582,0.884,0.817,0.624,0.929,0.815,0.912,0.896,0.889,0.722,0.776,0.856,0.896,0.866,0.614,0.676,0.858,0.735,0.641,0.895,0.809,0.899,0.734,0.899,0.857,0.872,0.466,0.655,0.838,0.773
80.B@O-83.B@N,0.707,0.679,0.778,0.448,0.462,0.378,0.788,0.734,0.643,0.486,0.168,0.599,0.714,0.759,0.364,0.592,0.778,0.802,0.705,0.004,0.706,0.063,0.326,0.626,0.549,0.632,0.539,0.755,0.569,0.696,0.312,0.629,0.575,0.196,0.266,0.447,0.441,0.73,0.505,0.786,0.587,0.58,0.396,0.797,0.847,0.241,0.552,0.713,0.654,0.789,0.643,0.65,0.252,0.544,0.761,0.707,0.306,0.252,0.73,0.386,0.34,0.611,0.44,0.423,0.595,0.751,0.648,0.602,0.089,0.365,0.61,0.616
86.B@ND2-124.B@O,0.828,0.773,0.687,0.559,0.536,0.613,0.8,0.755,0.366,0.748,0.579,0.219,0.688,0.711,0.677,0.528,0.819,0.838,0.874,0.825,0.701,0.644,0.315,0.787,0.594,0.622,0.266,0.638,0.682,0.818,0.595,0.0,0.0,0.697,0.636,0.859,0.822,0.776,0.774,0.752,0.731,0.792,0.776,0.799,0.69,0.513,0.719,0.889,0.645,0.718,0.481,0.759,0.714,0.642,0.726,0.742,0.616,0.48,0.741,0.765,0.75,0.769,0.798,0.355,0.629,0.756,0.757,0.75,0.09,0.614,0.834,0.475
43.B@O-87.B@N,0.934,0.957,0.951,0.926,0.928,0.879,0.95,0.907,0.901,0.907,0.92,0.951,0.938,0.925,0.949,0.945,0.943,0.956,0.951,0.93,0.943,0.92,0.922,0.928,0.922,0.958,0.882,0.918,0.944,0.967,0.941,0.907,0.879,0.958,0.931,0.949,0.936,0.948,0.948,0.95,0.937,0.911,0.927,0.961,0.926,0.909,0.953,0.945,0.96,0.944,0.911,0.932,0.917,0.914,0.95,0.951,0.942,0.926,0.933,0.961,0.938,0.946,0.905,0.907,0.924,0.912,0.961,0.93,0.901,0.934,0.939,0.91
41.B@O-89.B@N,0.931,0.906,0.885,0.875,0.879,0.88,0.902,0.91,0.895,0.874,0.913,0.843,0.893,0.917,0.64,0.905,0.86,0.9,0.882,0.83,0.9,0.869,0.874,0.887,0.915,0.896,0.881,0.869,0.9,0.888,0.878,0.884,0.894,0.914,0.892,0.917,0.876,0.923,0.877,0.905,0.894,0.862,0.904,0.851,0.87,0.887,0.913,0.909,0.869,0.909,0.853,0.927,0.866,0.886,0.897,0.918,0.921,0.917,0.917,0.871,0.893,0.899,0.885,0.897,0.896,0.903,0.881,0.905,0.818,0.885,0.902,0.866
90.B@N-94.B@O,0.678,0.814,0.801,0.823,0.852,0.748,0.805,0.799,0.688,0.779,0.816,0.276,0.729,0.813,0.021,0.856,0.788,0.737,0.839,0.271,0.834,0.794,0.676,0.737,0.787,0.643,0.777,0.792,0.773,0.728,0.654,0.836,0.796,0.86,0.807,0.818,0.799,0.796,0.718,0.498,0.527,0.759,0.856,0.229,0.788,0.779,0.818,0.726,0.701,0.849,0.624,0.806,0.847,0.844,0.413,0.846,0.818,0.832,0.824,0.15,0.81,0.788,0.799,0.779,0.813,0.849,0.812,0.851,0.786,0.826,0.828,0.5
35.B@O-95.B@N,0.889,0.902,0.911,0.869,0.869,0.894,0.873,0.907,0.868,0.892,0.888,0.767,0.853,0.885,0.352,0.893,0.918,0.889,0.892,0.864,0.93,0.914,0.873,0.874,0.893,0.895,0.885,0.883,0.826,0.89,0.834,0.88,0.837,0.937,0.894,0.854,0.92,0.896,0.906,0.889,0.892,0.87,0.906,0.807,0.887,0.872,0.876,0.925,0.832,0.921,0.871,0.9,0.845,0.91,0.831,0.9,0.91,0.903,0.922,0.899,0.868,0.883,0.905,0.907,0.888,0.924,0.941,0.907,0.856,0.888,0.901,0.896
33.B@O-97.B@N,0.754,0.687,0.712,0.782,0.672,0.731,0.779,0.765,0.722,0.729,0.758,0.668,0.722,0.758,0.758,0.667,0.788,0.787,0.801,0.473,0.741,0.73,0.746,0.765,0.733,0.743,0.782,0.766,0.722,0.777,0.737,0.67,0.749,0.675,0.758,0.787,0.659,0.774,0.762,0.72,0.739,0.729,0.771,0.741,0.761,0.734,0.76,0.73,0.702,0.637,0.77,0.761,0.749,0.762,0.763,0.785,0.768,0.746,0.769,0.757,0.753,0.758,0.771,0.745,0.814,0.783,0.745,0.743,0.781,0.689,0.7,0.751
31.B@O-99.B@N,0.677,0.789,0.675,0.808,0.558,0.551,0.67,0.752,0.725,0.546,0.766,0.816,0.539,0.787,0.731,0.525,0.785,0.745,0.678,0.447,0.788,0.667,0.708,0.734,0.737,0.678,0.747,0.754,0.674,0.836,0.71,0.666,0.714,0.56,0.741,0.783,0.605,0.761,0.76,0.663,0.716,0.599,0.443,0.742,0.748,0.8,0.724,0.746,0.646,0.587,0.794,0.802,0.819,0.777,0.517,0.754,0.738,0.769,0.781,0.583,0.717,0.766,0.863,0.765,0.827,0.727,0.496,0.525,0.717,0.621,0.329,0.593
29.B@O-101.B@N,0.698,0.802,0.794,0.852,0.801,0.821,0.806,0.763,0.799,0.469,0.761,0.787,0.776,0.753,0.842,0.795,0.714,0.75,0.731,0.765,0.745,0.786,0.853,0.705,0.755,0.772,0.8,0.741,0.744,0.749,0.846,0.79,0.776,0.824,0.803,0.727,0.698,0.753,0.787,0.757,0.729,0.814,0.783,0.845,0.864,0.838,0.791,0.703,0.787,0.75,0.811,0.805,0.801,0.793,0.782,0.766,0.775,0.729,0.731,0.769,0.813,0.774,0.837,0.807,0.792,0.793,0.787,0.783,0.744,0.846,0.788,0.812
101.B@OD1-104.B@N,0.201,0.125,0.2,0.226,0.4,0.116,0.207,0.178,0.228,0.823,0.071,0.019,0.204,0.142,0.202,0.062,0.224,0.033,0.182,0.102,0.117,0.072,0.211,0.138,0.198,0.127,0.268,0.336,0.205,0.219,0.239,0.312,0.289,0.538,0.273,0.27,0.153,0.233,0.171,0.161,0.101,0.075,0.22,0.0,0.678,0.0,0.0,0.019,0.104,0.149,0.203,0.129,0.135,0.153,0.323,0.311,0.433,0.077,0.182,0.257,0.164,0.211,0.164,0.299,0.256,0.077,0.208,0.211,0.015,0.171,0.276,0.344
114.B@N-149.B@O,0.866,0.843,0.858,0.895,0.907,0.87,0.886,0.947,0.901,0.937,0.889,0.911,0.91,0.881,0.893,0.939,0.91,0.864,0.897,0.929,0.881,0.902,0.83,0.904,0.906,0.95,0.885,0.91,0.936,0.836,0.857,0.899,0.895,0.896,0.854,0.925,0.932,0.911,0.941,0.937,0.905,0.889,0.931,0.86,0.941,0.907,0.889,0.881,0.904,0.935,0.928,0.932,0.924,0.856,0.915,0.786,0.894,0.907,0.939,0.924,0.888,0.894,0.879,0.905,0.924,0.918,0.911,0.898,0.855,0.897,0.914,0.953
49.B@O-115.B@NH1,0.965,0.896,0.957,0.826,0.956,0.933,0.48,0.955,0.862,0.983,0.497,0.179,0.968,0.959,0.729,0.914,0.976,0.958,0.961,0.963,0.82,0.487,0.84,0.976,0.958,0.964,0.964,0.074,0.914,0.933,0.96,0.922,0.958,0.488,0.615,0.98,0.379,0.971,0.062,0.98,0.963,0.907,0.936,0.937,0.622,0.489,0.578,0.957,0.82,0.926,0.244,0.958,0.135,0.955,0.965,0.956,0.0,0.438,0.907,0.926,0.855,0.953,0.972,0.955,0.954,0.968,0.255,0.251,0.347,0.271,0.979,0.572
117.B@N-147.B@O,0.941,0.936,0.949,0.921,0.867,0.947,0.936,0.953,0.935,0.944,0.946,0.929,0.936,0.942,0.92,0.95,0.926,0.956,0.936,0.949,0.962,0.939,0.891,0.928,0.931,0.937,0.938,0.931,0.94,0.963,0.956,0.93,0.921,0.932,0.922,0.928,0.935,0.933,0.938,0.941,0.957,0.908,0.937,0.939,0.958,0.931,0.95,0.947,0.94,0.857,0.947,0.934,0.933,0.946,0.94,0.945,0.951,0.945,0.933,0.77,0.956,0.927,0.95,0.917,0.919,0.909,0.946,0.938,0.968,0.852,0.91,0.883
46.B@O-118.B@N,0.959,0.877,0.782,0.906,0.0,0.761,0.949,0.933,0.94,0.905,0.888,0.776,0.929,0.957,0.89,0.865,0.942,0.95,0.875,0.842,0.0,0.754,0.0,0.932,0.957,0.79,0.947,0.912,0.811,0.832,0.92,0.873,0.872,0.955,0.869,0.937,0.885,0.971,0.971,0.965,0.944,0.933,0.94,0.795,0.597,0.843,0.893,0.947,0.814,0.001,0.938,0.964,0.861,0.886,0.96,0.91,0.947,0.914,0.954,0.0,0.905,0.835,0.827,0.816,0.958,0.001,0.835,0.911,0.94,0.0,0.943,0.0
119.B@N-145.B@O,0.974,0.96,0.938,0.921,0.743,0.908,0.865,0.0,0.882,0.86,0.949,0.956,0.925,0.938,0.95,0.925,0.92,0.928,0.961,0.931,0.762,0.972,0.732,0.918,0.941,0.954,0.921,0.949,0.938,0.952,0.918,0.958,0.963,0.954,0.948,0.953,0.966,0.938,0.958,0.933,0.921,0.922,0.917,0.934,0.931,0.965,0.918,0.925,0.963,0.942,0.928,0.967,0.947,0.941,0.95,0.952,0.951,0.948,0.92,0.87,0.944,0.945,0.94,0.951,0.948,0.855,0.919,0.903,0.885,0.851,0.94,0.914
44.B@O-120.B@N,0.904,0.913,0.924,0.867,0.855,0.644,0.877,0.678,0.85,0.899,0.896,0.914,0.861,0.837,0.73,0.918,0.853,0.892,0.887,0.907,0.833,0.888,0.975,0.866,0.887,0.901,0.823,0.909,0.868,0.907,0.868,0.904,0.922,0.867,0.885,0.921,0.929,0.87,0.898,0.884,0.799,0.914,0.859,0.959,0.692,0.908,0.877,0.77,0.897,0.877,0.901,0.901,0.909,0.91,0.875,0.894,0.693,0.902,0.905,0.911,0.882,0.904,0.911,0.877,0.947,0.766,0.933,0.874,0.904,0.901,0.875,0.903
86.B@OD1-124.B@N,0.83,0.909,0.892,0.904,0.906,0.934,0.893,0.44,0.912,0.766,0.823,0.904,0.869,0.882,0.874,0.93,0.907,0.89,0.624,0.86,0.903,0.938,0.902,0.864,0.896,0.938,0.869,0.682,0.888,0.809,0.936,0.0,0.0,0.939,0.921,0.809,0.924,0.878,0.859,0.786,0.893,0.606,0.909,0.879,0.894,0.913,0.922,0.907,0.918,0.909,0.893,0.898,0.89,0.855,0.888,0.909,0.909,0.858,0.838,0.912,0.913,0.929,0.794,0.905,0.832,0.886,0.91,0.901,0.226,0.789,0.866,0.727
125.B@N-138.B@O,0.167,0.343,0.593,0.48,0.068,0.313,0.034,0.093,0.0,0.052,0.655,0.083,0.357,0.321,0.033,0.555,0.281,0.048,0.007,0.035,0.0,0.404,0.608,0.142,0.11,0.419,0.355,0.09,0.003,0.0,0.112,0.667,0.782,0.15,0.314,0.104,0.355,0.412,0.129,0.083,0.004,0.0,0.408,0.276,0.209,0.141,0.501,0.097,0.62,0.249,0.266,0.0,0.019,0.151,0.188,0.383,0.248,0.19,0.137,0.785,0.189,0.132,0.007,0.693,0.028,0.406,0.347,0.218,0.85,0.469,0.125,0.136
124.B@OD2-126.B@N,0.658,0.278,0.686,0.21,0.256,0.073,0.061,0.0,0.137,0.004,0.185,0.237,0.001,0.053,0.0,0.023,0.026,0.0,0.11,0.332,0.0,0.949,0.149,0.138,0.024,0.0,0.116,0.0,0.337,0.0,0.406,0.0,0.952,0.001,0.156,0.207,0.353,0.023,0.124,0.0,0.126,0.207,0.006,0.0,0.54,0.03,0.722,0.209,0.0,0.278,0.0,0.001,0.0,0.0,0.005,0.002,0.06,0.0,0.366,0.355,0.0,0.094,0.0,0.256,0.002,0.735,0.271,0.473,0.0,0.171,0.096,0.296
133.B@O-137.B@N,0.293,0.753,0.797,0.461,0.718,0.699,0.649,0.781,0.732,0.673,0.496,0.602,0.654,0.743,0.637,0.417,0.743,0.451,0.824,0.552,0.519,0.697,0.545,0.078,0.617,0.644,0.696,0.673,0.679,0.713,0.589,0.572,0.562,0.197,0.698,0.764,0.381,0.686,0.574,0.769,0.53,0.481,0.765,0.594,0.538,0.241,0.747,0.757,0.624,0.605,0.393,0.693,0.682,0.479,0.655,0.392,0.529,0.69,0.4,0.715,0.625,0.336,0.612,0.184,0.673,0.647,0.686,0.596,0.576,0.627,0.604,0.755
57.B@O-143.B@NH1,0.283,0.0,0.0,0.0,0.0,0.0,0.031,0.0,0.0,0.033,0.0,0.0,0.0,0.0,0.0,0.052,0.093,0.001,0.487,0.0,0.0,0.0,0.298,0.0,0.024,0.0,0.008,0.0,0.125,0.0,0.0,0.0,0.0,0.179,0.0,0.555,0.0,0.336,0.72,0.06,0.004,0.01,0.004,0.0,0.0,0.0,0.0,0.0,0.0,0.0,0.0,0.773,0.0,0.0,0.0,0.168,0.884,0.0,0.0,0.0,0.0,0.0,0.0,0.0,0.012,0.0,0.0,0.0,0.026,0.0,0.71,0.0
119.B@O-144.B@N,0.29,0.916,0.889,0.937,0.748,0.894,0.673,0.806,0.661,0.608,0.893,0.84,0.871,0.694,0.877,0.825,0.559,0.785,0.423,0.886,0.709,0.889,0.195,0.809,0.452,0.896,0.465,0.888,0.723,0.899,0.904,0.916,0.911,0.664,0.929,0.227,0.865,0.339,0.319,0.455,0.567,0.873,0.757,0.874,0.891,0.786,0.881,0.914,0.897,0.559,0.564,0.443,0.843,0.712,0.924,0.619,0.193,0.845,0.681,0.846,0.881,0.875,0.925,0.93,0.345,0.607,0.878,0.742,0.874,0.815,0.288,0.6
9.B@O-146.B@N,0.71,0.743,0.807,0.706,0.137,0.736,0.642,0.0,0.689,0.544,0.748,0.747,0.652,0.706,0.737,0.647,0.658,0.691,0.649,0.747,0.042,0.794,0.666,0.612,0.689,0.743,0.631,0.789,0.747,0.753,0.737,0.771,0.794,0.727,0.791,0.756,0.739,0.719,0.74,0.716,0.66,0.637,0.776,0.751,0.602,0.787,0.763,0.569,0.752,0.896,0.733,0.803,0.808,0.761,0.732,0.771,0.739,0.708,0.72,0.704,0.744,0.723,0.784,0.677,0.663,0.499,0.547,0.787,0.198,0.397,0.705,0.68
115.B@O-149.B@N,0.946,0.945,0.95,0.917,0.8,0.885,0.918,0.936,0.935,0.934,0.941,0.925,0.946,0.923,0.933,0.955,0.93,0.916,0.92,0.93,0.923,0.828,0.877,0.946,0.935,0.939,0.933,0.916,0.935,0.944,0.939,0.958,0.933,0.928,0.917,0.922,0.905,0.936,0.905,0.933,0.923,0.896,0.896,0.945,0.929,0.918,0.964,0.909,0.946,0.857,0.942,0.925,0.908,0.933,0.946,0.928,0.918,0.914,0.939,0.905,0.911,0.945,0.915,0.928,0.93,0.92,0.934,0.872,0.755,0.855,0.79,0.906
114.A@O-151.B@N,0.872,0.89,0.832,0.863,0.842,0.788,0.808,0.821,0.859,0.743,0.816,0.787,0.823,0.881,0.851,0.792,0.801,0.89,0.849,0.863,0.818,0.809,0.846,0.835,0.829,0.83,0.883,0.816,0.84,0.78,0.847,0.806,0.87,0.895,0.813,0.82,0.824,0.81,0.867,0.827,0.735,0.872,0.826,0.87,0.821,0.818,0.784,0.813,0.847,0.85,0.86,0.839,0.868,0.89,0.868,0.675,0.797,0.837,0.891,0.784,0.85,0.831,0.807,0.783,0.8,0.845,0.827,0.705,0.9,0.841,0.796,0.762
52.A@OD1-54.A@OG1,0.213,0.856,0.585,0.378,0.813,0.702,0.998,0.997,0.995,0.478,0.968,0.353,0.622,0.615,0.213,0.687,0.994,0.852,0.83,0.543,0.229,0.918,0.344,0.644,0.879,0.751,0.498,0.49,0.996,0.405,0.993,0.996,0.999,0.995,0.063,0.404,0.802,0.045,0.997,0.874,0.805,0.991,0.938,0.98,0.246,0.74,0.045,0.527,0.657,0.063,0.997,0.995,0.534,0.971,0.84,0.794,0.957,0.365,0.344,0.144,0.766,0.737,0.936,0.354,0.998,0.181,0.895,0.466,0.803,0.998,0.497,0.995
50.A@O-116.A@OG1,0.967,0.984,0.896,0.97,0.854,0.959,0.94,0.884,0.964,0.883,0.98,0.954,0.912,0.93,0.946,0.916,0.854,0.845,0.958,0.98,0.952,0.97,0.971,0.952,0.969,0.957,0.93,0.944,0.976,0.905,0.95,0.976,0.969,0.993,0.929,0.942,0.957,0.901,0.977,0.895,0.954,0.981,0.967,0.989,0.987,0.957,0.954,0.855,0.938,0.923,0.893,0.987,0.925,0.915,0.966,0.963,0.985,0.659,0.964,0.943,0.954,0.931,0.951,0.928,0.987,0.617,0.97,0.958,0.92,0.926,0.973,0.948
125.A@OD1-134.A@OG,0.361,0.023,0.072,0.052,0.241,0.03,0.453,0.438,0.364,0.443,0.098,0.233,0.512,0.059,0.142,0.683,0.432,0.389,0.407,0.929,0.365,0.309,0.099,0.361,0.288,0.088,0.336,0.236,0.418,0.577,0.52,0.162,0.117,0.227,0.412,0.329,0.137,0.586,0.006,0.881,0.001,0.598,0.326,0.0,0.179,0.036,0.308,0.068,0.865,0.566,0.609,0.219,0.164,0.476,0.285,0.536,0.627,0.144,0.0,0.38,0.0,0.126,0.279,0.196,0.166,0.107,0.395,0.103,0.302,0.743,0.283,0.159
52.B@OD1-54.B@OG1,0.995,0.479,0.723,0.925,0.488,0.727,0.794,0.916,0.998,0.75,0.278,0.8,0.708,0.996,0.555,0.687,0.997,0.995,0.991,0.997,0.591,0.602,0.994,0.558,0.991,0.732,0.999,0.44,0.748,0.749,0.8,0.986,0.635,0.642,0.745,0.996,0.766,0.982,0.996,0.766,0.778,0.994,0.617,0.819,0.807,0.993,0.994,0.998,0.865,0.385,0.97,0.998,0.137,0.98,0.489,0.996,0.782,0.108,0.432,0.655,0.691,0.598,0.646,0.982,0.137,0.349,0.423,0.429,0.998,0.609,0.998,0.48
50.B@O-116.B@OG1,0.994,0.959,0.946,0.954,0.94,0.804,0.937,0.961,0.976,0.955,0.972,0.973,0.971,0.986,0.984,0.947,0.987,0.982,0.954,0.974,0.903,0.952,0.998,0.969,0.984,0.953,0.997,0.818,0.926,0.896,0.915,0.926,0.939,0.982,0.784,0.996,0.935,0.992,0.991,0.986,0.821,0.995,0.764,0.892,0.938,0.924,0.836,0.961,0.96,0.868,0.988,0.977,0.906,0.95,0.973,0.964,0.992,0.956,0.975,0.56,0.929,0.899,0.931,0.949,0.991,0.98,0.97,0.984,0.985,0.922,0.987,0.985
2.A@O-22.A@N,0.846,0.779,0.895,0.848,0.897,0.912,0.917,0.869,0.857,0.909,0.904,0.78,0.757,0.84,0.879,0.936,0.906,0.819,0.887,0.846,0.892,0.91,0.888,0.913,0.888,0.896,0.89,0.879,0.906,0.903,0.814,0.815,0.864,0.892,0.905,0.913,0.923,0.877,0.876,0.914,0.917,0.843,0.904,0.872,0.887,0.758,0.864,0.89,0.834,0.843,0.894,0.912,0.92,0.908,0.867,0.891,0.819,0.902,0.881,0.907,0.899,0.918,0.918,0.892,0.805,0.882,0.917,0.915,0.881,0.871,0.91,0.933
45.A@N-85.A@O,0.829,0.828,0.617,0.729,0.807,0.833,0.746,0.844,0.842,0.952,0.857,0.774,0.855,0.855,0.854,0.707,0.817,0.842,0.829,0.87,0.889,0.963,0.794,0.839,0.753,0.644,0.855,0.806,0.704,0.865,0.726,0.801,0.676,0.688,0.837,0.854,0.806,0.766,0.441,0.695,0.787,0.833,0.663,0.707,0.742,0.886,0.834,0.885,0.785,0.835,0.846,0.794,0.71,0.845,0.779,0.869,0.832,0.942,0.846,0.842,0.662,0.756,0.895,0.927,0.782,0.817,0.969,0.835,0.883,0.866,0.818,0.865
71.A@N-135.A@O,0.101,0.0,0.004,0.245,0.14,0.0,0.076,0.61,0.808,0.834,0.0,0.0,0.712,0.0,0.107,0.145,0.267,0.191,0.015,0.0,0.67,0.166,0.124,0.295,0.0,0.0,0.292,0.045,0.005,0.266,0.224,0.0,0.123,0.0,0.387,0.741,0.423,0.106,0.0,0.076,0.018,0.0,0.182,0.0,0.102,0.0,0.0,0.011,0.56,0.426,0.724,0.234,0.147,0.806,0.515,0.035,0.0,0.0,0.0,0.361,0.0,0.0,0.475,0.018,0.0,0.0,0.028,0.724,0.704,0.672,0.013,0.505
31.A@O-99.A@N,0.797,0.714,0.703,0.811,0.761,0.685,0.065,0.8,0.746,0.63,0.0,0.835,0.532,0.616,0.738,0.718,0.04,0.667,0.808,0.775,0.822,0.729,0.718,0.698,0.825,0.829,0.724,0.765,0.811,0.515,0.658,0.618,0.777,0.771,0.837,0.719,0.786,0.781,0.751,0.628,0.425,0.749,0.819,0.707,0.843,0.816,0.595,0.629,0.716,0.797,0.0,0.847,0.649,0.21,0.785,0.765,0.41,0.796,0.71,0.757,0.711,0.804,0.561,0.804,0.711,0.0,0.771,0.74,0.284,0.522,0.588,0.004
105.A@O-112.A@N,0.726,0.661,0.618,0.771,0.689,0.706,0.741,0.514,0.695,0.491,0.648,0.776,0.6,0.508,0.653,0.67,0.753,0.619,0.518,0.729,0.652,0.593,0.69,0.73,0.623,0.571,0.616,0.671,0.646,0.454,0.668,0.691,0.7,0.537,0.552,0.69,0.735,0.634,0.723,0.616,0.684,0.823,0.75,0.681,0.746,0.611,0.589,0.419,0.586,0.8,0.738,0.827,0.685,0.732,0.386,0.757,0.733,0.352,0.687,0.514,0.675,0.606,0.663,0.547,0.661,0.699,0.634,0.635,0.704,0.669,0.747,0.696
122.A@N-140.A@O,0.5,0.571,0.512,0.435,0.339,0.445,0.367,0.264,0.485,0.463,0.372,0.517,0.416,0.431,0.292,0.265,0.469,0.359,0.345,0.516,0.71,0.21,0.283,0.298,0.518,0.463,0.378,0.481,0.479,0.086,0.482,0.598,0.566,0.566,0.371,0.279,0.298,0.522,0.564,0.375,0.465,0.574,0.362,0.529,0.297,0.213,0.515,0.801,0.33,0.414,0.114,0.401,0.488,0.425,0.182,0.363,0.457,0.681,0.52,0.431,0.37,0.63,0.164,0.672,0.649,0.339,0.585,0.254,0.31,0.336,0.237,0.041
86.A@OD1-124.A@N,0.812,0.886,0.937,0.638,0.91,0.872,0.886,0.895,0.866,0.883,0.866,0.875,0.916,0.87,0.911,0.879,0.896,0.893,0.924,0.84,0.437,0.914,0.828,0.913,0.897,0.887,0.943,0.912,0.839,0.935,0.706,0.0,0.0,0.814,0.926,0.942,0.899,0.817,0.882,0.807,0.9,0.904,0.663,0.841,0.914,0.76,0.898,0.917,0.928,0.935,0.932,0.774,0.897,0.901,0.875,0.906,0.908,0.893,0.866,0.803,0.922,0.901,0.92,0.885,0.846,0.91,0.934,0.911,0.913,0.946,0.86,0.903
131.A@O-135.A@N,0.565,0.355,0.571,0.417,0.725,0.196,0.622,0.54,0.537,0.76,0.531,0.633,0.756,0.305,0.635,0.53,0.549,0.647,0.387,0.48,0.578,0.581,0.609,0.719,0.499,0.593,0.488,0.357,0.239,0.518,0.676,0.502,0.748,0.471,0.502,0.576,0.568,0.541,0.418,0.608,0.635,0.503,0.28,0.176,0.718,0.536,0.627,0.188,0.521,0.554,0.823,0.49,0.677,0.749,0.587,0.646,0.422,0.31,0.601,0.499,0.759,0.327,0.656,0.312,0.431,0.613,0.532,0.643,0.682,0.611,0.546,0.604
133.A@O-137.A@N,0.592,0.634,0.39,0.521,0.599,0.448,0.486,0.636,0.523,0.105,0.721,0.479,0.66,0.636,0.314,0.718,0.581,0.727,0.677,0.645,0.538,0.479,0.461,0.555,0.618,0.426,0.6,0.612,0.64,0.636,0.693,0.649,0.333,0.621,0.713,0.615,0.606,0.386,0.811,0.556,0.579,0.724,0.577,0.727,0.383,0.513,0.445,0.785,0.579,0.621,0.054,0.393,0.291,0.229,0.463,0.604,0.561,0.668,0.576,0.578,0.535,0.539,0.476,0.679,0.767,0.517,0.424,0.627,0.68,0.453,0.5,0.474
4.B@N-20.B@O,0.704,0.736,0.804,0.874,0.892,0.855,0.854,0.922,0.86,0.855,0.874,0.841,0.882,0.892,0.9,0.898,0.878,0.873,0.874,0.875,0.916,0.876,0.835,0.883,0.859,0.879,0.864,0.866,0.893,0.903,0.89,0.893,0.922,0.903,0.904,0.878,0.879,0.882,0.874,0.863,0.838,0.922,0.856,0.891,0.882,0.913,0.825,0.84,0.883,0.881,0.869,0.878,0.858,0.896,0.877,0.837,0.89,0.863,0.885,0.889,0.9,0.894,0.874,0.853,0.849,0.924,0.858,0.823,0.914,0.918,0.815,0.878
21.B@N-30.B@O,0.887,0.861,0.858,0.872,0.897,0.874,0.909,0.916,0.878,0.836,0.889,0.865,0.899,0.866,0.886,0.853,0.844,0.857,0.874,0.901,0.882,0.848,0.85,0.868,0.869,0.883,0.871,0.887,0.906,0.85,0.865,0.892,0.881,0.882,0.86,0.865,0.838,0.865,0.881,0.891,0.849,0.877,0.924,0.861,0.938,0.879,0.869,0.879,0.873,0.885,0.903,0.913,0.908,0.874,0.93,0.849,0.885,0.867,0.833,0.893,0.911,0.857,0.858,0.882,0.864,0.887,0.865,0.889,0.904,0.917,0.924,0.91
35.B@N-95.B@O,0.846,0.661,0.765,0.88,0.846,0.865,0.778,0.859,0.774,0.815,0.798,0.737,0.826,0.799,0.713,0.872,0.848,0.83,0.799,0.658,0.755,0.809,0.88,0.839,0.735,0.777,0.821,0.826,0.886,0.851,0.808,0.862,0.835,0.644,0.832,0.854,0.805,0.836,0.869,0.854,0.83,0.706,0.801,0.783,0.862,0.875,0.841,0.724,0.832,0.784,0.806,0.877,0.817,0.833,0.805,0.813,0.869,0.748,0.781,0.764,0.874,0.851,0.78,0.8,0.785,0.83,0.749,0.844,0.783,0.848,0.836,0.613
43.B@N-87.B@O,0.844,0.815,0.805,0.85,0.867,0.677,0.839,0.835,0.771,0.87,0.858,0.774,0.819,0.839,0.784,0.791,0.856,0.83,0.897,0.709,0.872,0.828,0.827,0.809,0.866,0.76,0.777,0.845,0.829,0.803,0.841,0.848,0.864,0.729,0.801,0.821,0.855,0.855,0.827,0.787,0.864,0.844,0.822,0.679,0.777,0.803,0.785,0.825,0.773,0.882,0.819,0.849,0.861,0.773,0.801,0.84,0.843,0.86,0.813,0.88,0.834,0.823,0.819,0.765,0.809,0.81,0.799,0.814,0.879,0.837,0.794,0.842
55.B@N-59.B@OG,0.865,0.283,0.634,0.544,0.473,0.788,0.427,0.789,0.821,0.536,0.615,0.681,0.813,0.829,0.781,0.762,0.771,0.849,0.811,0.833,0.365,0.395,0.828,0.626,0.804,0.485,0.862,0.53,0.498,0.636,0.231,0.597,0.609,0.796,0.231,0.811,0.453,0.855,0.817,0.624,0.473,0.839,0.326,0.316,0.496,0.763,0.805,0.81,0.712,0.47,0.708,0.857,0.517,0.767,0.483,0.814,0.74,0.713,0.681,0.106,0.759,0.734,0.366,0.621,0.786,0.566,0.691,0.814,0.702,0.463,0.795,0.372
74.B@O-79.B@NH1,0.644,0.479,0.505,0.592,0.235,0.429,0.446,0.028,0.645,0.325,0.057,0.093,0.436,0.575,0.232,0.508,0.707,0.257,0.122,0.064,0.453,0.424,0.103,0.623,0.658,0.12,0.143,0.545,0.265,0.547,0.876,0.534,0.424,0.042,0.411,0.754,0.206,0.764,0.08,0.61,0.196,0.081,0.243,0.041,0.12,0.04,0.002,0.115,0.522,0.423,0.706,0.213,0.343,0.52,0.576,0.17,0.178,0.188,0.647,0.472,0.236,0.234,0.451,0.51,0.622,0.228,0.647,0.479,0.0,0.33,0.576,0.524
79.B@NH1-101.B@OD2,0.55,0.397,0.481,0.439,0.789,0.376,0.613,0.413,0.529,0.477,0.272,0.635,0.534,0.478,0.534,0.198,0.567,0.499,0.524,0.458,0.29,0.435,0.457,0.478,0.502,0.523,0.339,0.653,0.485,0.532,0.549,0.538,0.557,0.915,0.627,0.542,0.529,0.567,0.479,0.516,0.588,0.703,0.651,0.0,0.0,0.0,0.0,0.556,0.213,0.365,0.521,0.634,0.498,0.546,0.632,0.386,0.75,0.446,0.507,0.562,0.48,0.363,0.464,0.62,0.586,0.276,0.493,0.544,0.501,0.463,0.561,0.608
55.A@N-59.A@OG,0.825,0.709,0.493,0.785,0.783,0.287,0.783,0.749,0.67,0.718,0.597,0.689,0.716,0.685,0.567,0.143,0.582,0.61,0.599,0.74,0.769,0.512,0.657,0.653,0.725,0.707,0.52,0.31,0.679,0.241,0.803,0.78,0.77,0.87,0.739,0.57,0.669,0.497,0.736,0.566,0.746,0.84,0.843,0.741,0.68,0.751,0.668,0.278,0.536,0.592,0.721,0.778,0.765,0.198,0.165,0.733,0.61,0.349,0.759,0.642,0.835,0.495,0.673,0.051,0.819,0.619,0.438,0.002,0.79,0.698,0.776,0.756
117.A@N-147.A@O,0.921,0.941,0.946,0.934,0.92,0.938,0.928,0.941,0.941,0.857,0.925,0.958,0.93,0.943,0.914,0.926,0.926,0.937,0.916,0.94,0.719,0.809,0.929,0.951,0.945,0.936,0.94,0.937,0.939,0.979,0.914,0.921,0.951,0.946,0.935,0.945,0.937,0.928,0.904,0.932,0.94,0.944,0.902,0.971,0.932,0.938,0.931,0.885,0.957,0.927,0.948,0.939,0.934,0.958,0.955,0.949,0.939,0.891,0.941,0.951,0.953,0.938,0.941,0.784,0.961,0.93,0.82,0.935,0.965,0.944,0.887,0.965
47.B@O-64.B@N,0.748,0.851,0.869,0.753,0.496,0.748,0.699,0.805,0.777,0.818,0.903,0.927,0.618,0.665,0.879,0.899,0.758,0.579,0.842,0.78,0.876,0.737,0.596,0.802,0.808,0.886,0.784,0.765,0.815,0.87,0.82,0.811,0.861,0.727,0.774,0.804,0.831,0.838,0.823,0.783,0.771,0.553,0.599,0.885,0.93,0.78,0.819,0.707,0.889,0.867,0.695,0.74,0.873,0.713,0.7,0.811,0.914,0.783,0.787,0.422,0.697,0.756,0.817,0.833,0.828,0.884,0.932,0.694,0.894,0.894,0.772,0.822
121.B@N-142.B@O,0.756,0.891,0.915,0.861,0.712,0.824,0.794,0.631,0.301,0.798,0.876,0.893,0.885,0.813,0.868,0.886,0.836,0.871,0.694,0.814,0.52,0.92,0.721,0.836,0.726,0.899,0.752,0.861,0.821,0.859,0.834,0.867,0.909,0.871,0.882,0.64,0.882,0.74,0.752,0.805,0.786,0.844,0.828,0.8,0.874,0.854,0.866,0.87,0.909,0.527,0.798,0.785,0.806,0.843,0.85,0.792,0.636,0.832,0.797,0.529,0.847,0.837,0.689,0.85,0.592,0.785,0.864,0.86,0.89,0.739,0.718,0.331
5.B@O-150.B@N,0.886,0.9,0.867,0.832,0.588,0.835,0.874,0.858,0.882,0.876,0.843,0.869,0.878,0.86,0.887,0.889,0.85,0.84,0.881,0.86,0.824,0.889,0.845,0.88,0.866,0.874,0.869,0.876,0.904,0.869,0.86,0.89,0.906,0.891,0.867,0.91,0.873,0.902,0.877,0.869,0.872,0.847,0.866,0.841,0.875,0.895,0.842,0.88,0.892,0.888,0.896,0.876,0.888,0.869,0.895,0.821,0.859,0.851,0.907,0.867,0.841,0.862,0.862,0.875,0.873,0.828,0.899,0.807,0.824,0.878,0.883,0.879
47.B@N-82.B@O,0.611,0.757,0.903,0.819,0.603,0.514,0.728,0.377,0.717,0.627,0.693,0.899,0.699,0.773,0.801,0.914,0.557,0.759,0.472,0.013,0.965,0.072,0.833,0.391,0.631,0.88,0.645,0.756,0.652,0.837,0.808,0.79,0.854,0.882,0.911,0.53,0.874,0.372,0.624,0.536,0.437,0.829,0.803,0.919,0.911,0.863,0.655,0.815,0.912,0.792,0.92,0.662,0.904,0.678,0.673,0.621,0.758,0.785,0.496,0.783,0.671,0.652,0.658,0.674,0.463,0.851,0.849,0.54,0.678,0.776,0.403,0.824
132.A@O-136.A@N,0.462,0.533,0.563,0.51,0.553,0.226,0.565,0.489,0.48,0.516,0.497,0.548,0.477,0.517,0.586,0.58,0.484,0.497,0.552,0.679,0.49,0.598,0.594,0.664,0.718,0.685,0.35,0.599,0.707,0.671,0.468,0.616,0.537,0.592,0.273,0.63,0.705,0.572,0.767,0.559,0.608,0.481,0.38,0.502,0.506,0.764,0.391,0.655,0.359,0.285,0.646,0.444,0.576,0.618,0.508,0.491,0.683,0.752,0.366,0.764,0.633,0.558,0.494,0.561,0.496,0.623,0.672,0.499,0.567,0.37,0.581,0.828
22.B@OE1-106.B@N,0.732,0.752,0.841,0.86,0.827,0.748,0.693,0.654,0.744,0.601,0.831,0.637,0.66,0.817,0.763,0.756,0.838,0.844,0.8,0.695,0.783,0.593,0.745,0.768,0.779,0.81,0.792,0.689,0.638,0.86,0.838,0.818,0.781,0.821,0.765,0.751,0.29,0.823,0.584,0.782,0.671,0.686,0.457,0.653,0.647,0.667,0.787,0.717,0.839,0.778,0.713,0.824,0.602,0.858,0.811,0.733,0.772,0.788,0.731,0.576,0.839,0.796,0.75,0.785,0.795,0.807,0.709,0.56,0.712,0.78,0.703,0.644
79.B@NH1-101.B@OD1,0.551,0.635,0.548,0.567,0.195,0.695,0.509,0.494,0.553,0.535,0.757,0.345,0.533,0.624,0.531,0.818,0.509,0.65,0.547,0.667,0.729,0.662,0.56,0.613,0.582,0.573,0.648,0.392,0.541,0.483,0.478,0.501,0.474,0.248,0.418,0.531,0.404,0.544,0.521,0.58,0.483,0.277,0.343,0.0,0.004,0.0,0.0,0.452,0.793,0.679,0.467,0.502,0.548,0.526,0.423,0.556,0.282,0.558,0.585,0.473,0.597,0.408,0.59,0.413,0.503,0.312,0.573,0.592,0.499,0.521,0.49,0.419
111.A@O-115.A@NH2,0.055,0.025,0.191,0.647,0.885,0.148,0.565,0.109,0.847,0.035,0.031,0.511,0.142,0.1,0.079,0.076,0.517,0.143,0.097,0.053,0.077,0.003,0.231,0.1,0.046,0.053,0.153,0.05,0.089,0.49,0.104,0.027,0.035,0.12,0.084,0.151,0.215,0.514,0.449,0.202,0.365,0.57,0.577,0.041,0.073,0.443,0.119,0.529,0.625,0.711,0.164,0.077,0.086,0.779,0.063,0.092,0.0,0.337,0.044,0.22,0.612,0.171,0.675,0.083,0.265,0.56,0.029,0.018,0.303,0.125,0.057,0.148
71.A@NE2-124.A@OD2,0.21,0.0,0.562,0.218,0.623,0.0,0.006,0.556,0.358,0.498,0.075,0.0,0.296,0.058,0.0,0.023,0.135,0.083,0.814,0.001,0.44,0.001,0.003,0.716,0.0,0.0,0.634,0.223,0.0,0.0,0.154,0.063,0.001,0.0,0.475,0.797,0.955,0.029,0.0,0.009,0.021,0.02,0.357,0.116,0.227,0.003,0.0,0.195,0.131,0.527,0.015,0.0,0.025,0.179,0.534,0.0,0.098,0.0,0.0,0.308,0.35,0.329,0.224,0.683,0.055,0.0,0.396,0.345,0.783,0.165,0.04,0.141
79.A@NH2-83.A@O,0.037,0.075,0.054,0.02,0.064,0.066,0.382,0.107,0.55,0.018,0.071,0.222,0.005,0.017,0.077,0.566,0.268,0.584,0.087,0.227,0.009,0.001,0.076,0.16,0.013,0.052,0.029,0.81,0.003,0.011,0.004,0.011,0.688,0.069,0.093,0.095,0.014,0.067,0.313,0.036,0.041,0.043,0.052,0.64,0.045,0.435,0.632,0.376,0.401,0.032,0.055,0.554,0.152,0.152,0.078,0.112,0.789,0.072,0.092,0.234,0.189,0.022,0.014,0.335,0.082,0.091,0.013,0.241,0.32,0.024,0.415,0.652
45.B@O-84.B@N,0.021,0.017,0.098,0.035,0.0,0.238,0.025,0.0,0.02,0.004,0.012,0.07,0.057,0.012,0.09,0.061,0.004,0.011,0.005,0.842,0.0,0.711,0.007,0.0,0.002,0.138,0.027,0.034,0.067,0.057,0.079,0.07,0.085,0.261,0.26,0.0,0.116,0.001,0.017,0.016,0.005,0.088,0.113,0.105,0.069,0.031,0.279,0.027,0.068,0.0,0.018,0.022,0.091,0.167,0.005,0.044,0.002,0.044,0.001,0.0,0.026,0.13,0.031,0.033,0.005,0.0,0.027,0.152,0.002,0.0,0.153,0.0
79.A@NH2-101.A@OD1,0.591,0.415,0.191,0.564,0.601,0.337,0.446,0.508,0.296,0.376,0.646,0.642,0.54,0.855,0.425,0.457,0.036,0.537,0.46,0.282,0.61,0.547,0.649,0.634,0.451,0.493,0.485,0.38,0.686,0.532,0.613,0.505,0.222,0.588,0.409,0.293,0.605,0.356,0.224,0.342,0.451,0.497,0.648,0.0,0.002,0.0,0.0,0.488,0.245,0.657,0.396,0.59,0.407,0.283,0.41,0.472,0.41,0.531,0.561,0.49,0.5,0.437,0.493,0.497,0.538,0.601,0.633,0.477,0.233,0.544,0.584,0.332
70.B@O-80.B@N,0.007,0.072,0.048,0.486,0.297,0.034,0.012,0.005,0.094,0.239,0.007,0.066,0.013,0.007,0.814,0.11,0.005,0.02,0.007,0.577,0.073,0.063,0.072,0.053,0.026,0.08,0.238,0.012,0.19,0.219,0.571,0.016,0.046,0.81,0.024,0.261,0.249,0.002,0.412,0.012,0.333,0.465,0.119,0.139,0.185,0.043,0.066,0.085,0.049,0.12,0.006,0.179,0.301,0.011,0.014,0.009,0.71,0.04,0.0,0.306,0.216,0.055,0.004,0.03,0.018,0.06,0.084,0.038,0.018,0.236,0.052,0.102
79.B@NH2-101.B@OD2,0.445,0.479,0.543,0.505,0.193,0.685,0.35,0.57,0.481,0.621,0.791,0.429,0.449,0.535,0.466,0.827,0.478,0.601,0.508,0.636,0.72,0.49,0.515,0.528,0.521,0.499,0.621,0.35,0.571,0.487,0.467,0.479,0.451,0.003,0.352,0.414,0.394,0.442,0.487,0.501,0.289,0.311,0.461,0.0,0.0,0.0,0.0,0.411,0.755,0.657,0.426,0.453,0.321,0.437,0.403,0.615,0.242,0.553,0.477,0.478,0.52,0.443,0.491,0.341,0.421,0.323,0.567,0.499,0.401,0.524,0.453,0.387
132.B@O-136.B@N,0.322,0.619,0.175,0.628,0.34,0.517,0.597,0.765,0.449,0.686,0.655,0.567,0.513,0.709,0.692,0.464,0.698,0.555,0.719,0.525,0.588,0.51,0.715,0.004,0.715,0.504,0.767,0.66,0.651,0.639,0.768,0.499,0.399,0.529,0.632,0.804,0.556,0.773,0.347,0.476,0.562,0.409,0.673,0.463,0.48,0.339,0.282,0.438,0.235,0.578,0.681,0.44,0.695,0.745,0.535,0.528,0.679,0.445,0.601,0.592,0.669,0.177,0.589,0.341,0.725,0.474,0.545,0.645,0.762,0.616,0.62,0.613
57.A@O-58.A@OG1,0.128,0.005,0.862,0.277,0.329,0.579,0.0,0.417,0.386,0.78,0.2,0.0,0.415,0.0,0.598,0.923,0.0,0.404,0.321,0.082,0.201,0.647,0.118,0.251,0.652,0.259,0.718,0.804,0.702,0.8,0.219,0.256,0.13,0.005,0.531,0.611,0.368,0.754,0.365,0.706,0.366,0.008,0.076,0.059,0.318,0.232,0.705,0.526,0.607,0.582,0.0,0.279,0.422,0.612,0.708,0.344,0.0,0.578,0.155,0.001,0.099,0.522,0.37,0.092,0.376,0.0,0.231,0.028,0.0,0.0,0.315,0.0
125.B@OD1-134.B@OG,0.231,0.172,0.283,0.059,0.407,0.559,0.227,0.161,0.188,0.123,0.274,0.041,0.463,0.348,0.096,0.886,0.389,0.095,0.105,0.273,0.383,0.344,0.007,0.008,0.059,0.284,0.122,0.144,0.14,0.178,0.157,0.475,0.71,0.331,0.455,0.002,0.292,0.1,0.027,0.57,0.061,0.191,0.167,0.414,0.766,0.171,0.683,0.557,0.254,0.011,0.414,0.275,0.233,0.101,0.3,0.438,0.407,0.065,0.0,0.13,0.0,0.204,0.0,0.074,0.057,0.225,0.217,0.298,0.022,0.064,0.1,0.002
133.B@O-138.B@N,0.414,0.096,0.791,0.192,0.616,0.683,0.84,0.555,0.589,0.155,0.324,0.107,0.532,0.743,0.386,0.528,0.84,0.49,0.448,0.445,0.394,0.616,0.053,0.014,0.089,0.506,0.428,0.44,0.548,0.725,0.025,0.382,0.412,0.539,0.486,0.128,0.333,0.371,0.004,0.671,0.281,0.389,0.218,0.487,0.729,0.163,0.736,0.783,0.68,0.424,0.507,0.001,0.201,0.625,0.493,0.399,0.349,0.096,0.151,0.533,0.147,0.221,0.124,0.016,0.436,0.581,0.485,0.645,0.288,0.467,0.048,0.465
131.B@O-135.B@N,0.548,0.648,0.754,0.683,0.842,0.704,0.546,0.538,0.336,0.464,0.523,0.488,0.388,0.692,0.45,0.823,0.61,0.647,0.563,0.663,0.589,0.819,0.903,0.686,0.498,0.706,0.523,0.643,0.298,0.674,0.683,0.688,0.669,0.397,0.516,0.552,0.424,0.495,0.323,0.695,0.544,0.444,0.586,0.69,0.852,0.338,0.835,0.647,0.802,0.595,0.403,0.746,0.437,0.702,0.416,0.645,0.395,0.31,0.515,0.531,0.71,0.372,0.572,0.41,0.526,0.447,0.615,0.639,0.587,0.535,0.581,0.391
40.B@N-90.B@O,0.718,0.0,0.0,0.512,0.749,0.512,0.542,0.599,0.0,0.04,0.261,0.0,0.618,0.011,0.0,0.513,0.634,0.324,0.256,0.082,0.111,0.0,0.486,0.346,0.191,0.0,0.082,0.552,0.662,0.481,0.091,0.823,0.339,0.0,0.157,0.676,0.0,0.793,0.205,0.562,0.721,0.0,0.264,0.0,0.689,0.662,0.626,0.0,0.652,0.112,0.029,0.654,0.467,0.195,0.223,0.383,0.443,0.0,0.166,0.0,0.632,0.559,0.01,0.015,0.224,0.156,0.0,0.408,0.017,0.225,0.397,0.0
57.B@O-143.B@NH2,0.559,0.0,0.0,0.0,0.0,0.0,0.0,0.817,0.0,0.031,0.0,0.0,0.0,0.0,0.0,0.0,0.038,0.0,0.027,0.0,0.0,0.0,0.41,0.002,0.295,0.0,0.016,0.0,0.066,0.0,0.0,0.0,0.0,0.147,0.0,0.3,0.0,0.421,0.0,0.093,0.012,0.003,0.0,0.0,0.0,0.0,0.0,0.0,0.0,0.0,0.001,0.006,0.0,0.009,0.0,0.205,0.0,0.0,0.002,0.0,0.0,0.0,0.0,0.0,0.789,0.026,0.0,0.0,0.0,0.0,0.0,0.0
52.A@OD2-54.A@OG1,0.746,0.083,0.403,0.621,0.184,0.229,0.0,0.0,0.003,0.507,0.001,0.645,0.373,0.333,0.775,0.299,0.0,0.122,0.166,0.449,0.763,0.029,0.615,0.352,0.122,0.226,0.47,0.4,0.003,0.568,0.0,0.003,0.0,0.0,0.935,0.561,0.153,0.952,0.0,0.103,0.169,0.0,0.061,0.001,0.702,0.254,0.949,0.367,0.324,0.914,0.002,0.001,0.462,0.001,0.074,0.181,0.0,0.599,0.621,0.851,0.232,0.224,0.058,0.133,0.0,0.794,0.076,0.514,0.195,0.001,0.499,0.0
57.B@O-58.B@OG1,0.005,0.629,0.514,0.539,0.483,0.111,0.0,0.005,0.165,0.165,0.17,0.369,0.184,0.0,0.288,0.211,0.0,0.189,0.05,0.118,0.663,0.819,0.003,0.609,0.091,0.764,0.124,0.713,0.502,0.479,0.764,0.53,0.536,0.038,0.663,0.002,0.621,0.014,0.019,0.168,0.028,0.171,0.099,0.828,0.636,0.204,0.202,0.086,0.559,0.546,0.0,0.009,0.921,0.224,0.366,0.158,0.0,0.502,0.591,0.0,0.396,0.5,0.877,0.247,0.002,0.0,0.114,0.141,0.0,0.0,0.01,0.532
52.A@OD2-54.A@N,0.585,0.054,0.33,0.492,0.137,0.163,0.0,0.001,0.001,0.403,0.001,0.531,0.307,0.227,0.665,0.258,0.0,0.096,0.126,0.355,0.584,0.017,0.466,0.283,0.091,0.188,0.366,0.249,0.0,0.498,0.0,0.0,0.001,0.0,0.74,0.463,0.105,0.714,0.0,0.078,0.129,0.0,0.041,0.0,0.564,0.178,0.806,0.343,0.286,0.727,0.0,0.0,0.368,0.001,0.051,0.12,0.002,0.532,0.492,0.674,0.183,0.185,0.047,0.076,0.0,0.607,0.044,0.377,0.16,0.0,0.389,0.0
133.A@O-137.A@OG1,0.216,0.612,0.175,0.069,0.094,0.159,0.027,0.156,0.054,0.019,0.134,0.012,0.057,0.016,0.019,0.052,0.131,0.268,0.068,0.014,0.053,0.048,0.217,0.254,0.392,0.114,0.043,0.056,0.014,0.027,0.037,0.337,0.036,0.289,0.024,0.043,0.043,0.12,0.829,0.015,0.549,0.404,0.059,0.0,0.197,0.158,0.245,0.422,0.033,0.033,0.002,0.014,0.037,0.047,0.058,0.015,0.025,0.027,0.619,0.051,0.387,0.066,0.2,0.298,0.009,0.442,0.024,0.051,0.035,0.028,0.12,0.031
48.A@ND1-61.A@O,0.283,0.543,0.042,0.102,0.102,0.286,0.0,0.0,0.0,0.605,0.451,0.33,0.0,0.477,0.091,0.0,0.0,0.041,0.229,0.586,0.541,0.535,0.0,0.03,0.063,0.359,0.001,0.069,0.0,0.755,0.0,0.497,0.515,0.838,0.002,0.003,0.0,0.022,0.122,0.0,0.491,0.627,0.0,0.19,0.0,0.644,0.19,0.248,0.0,0.0,0.0,0.277,0.0,0.0,0.0,0.274,0.474,0.687,0.271,0.0,0.434,0.0,0.0,0.758,0.538,0.007,0.595,0.0,0.0,0.0,0.261,0.389
71.B@NE2-124.B@OD1,0.002,0.824,0.344,0.243,0.262,0.815,0.605,0.153,0.0,0.0,0.0,0.601,0.688,0.333,0.108,0.929,0.361,0.612,0.0,0.434,0.723,0.013,0.0,0.148,0.0,0.714,0.0,0.592,0.162,0.918,0.301,0.78,0.104,0.593,0.747,0.0,0.154,0.006,0.417,0.232,0.0,0.282,0.628,0.945,0.504,0.436,0.279,0.362,0.987,0.671,0.0,0.517,0.429,0.697,0.371,0.506,0.0,0.0,0.0,0.28,0.318,0.589,0.094,0.46,0.0,0.198,0.406,0.348,0.048,0.191,0.256,0.258
134.B@O-135.B@OG1,0.225,0.165,0.777,0.092,0.625,0.452,0.0,0.043,0.155,0.176,0.0,0.0,0.198,0.007,0.044,0.511,0.0,0.461,0.007,0.216,0.033,0.629,0.466,0.0,0.054,0.52,0.149,0.149,0.117,0.347,0.048,0.051,0.39,0.028,0.087,0.116,0.244,0.009,0.022,0.495,0.024,0.01,0.082,0.351,0.635,0.019,0.816,0.592,0.819,0.131,0.0,0.527,0.003,0.149,0.024,0.494,0.0,0.075,0.041,0.188,0.196,0.181,0.079,0.133,0.09,0.103,0.1,0.238,0.145,0.0,0.24,0.0
124.A@OD2-126.A@N,0.385,0.032,0.602,0.022,0.679,0.228,0.0,0.537,0.235,0.425,0.104,0.021,0.216,0.173,0.11,0.0,0.108,0.0,0.959,0.001,0.005,0.079,0.009,0.734,0.366,0.02,0.501,0.81,0.0,0.0,0.079,0.486,0.233,0.101,0.448,0.823,0.951,0.002,0.0,0.0,0.044,0.192,0.013,0.0,0.352,0.021,0.002,0.158,0.072,0.475,0.0,0.0,0.0,0.001,0.515,0.0,0.581,0.0,0.0,0.21,0.378,0.444,0.043,0.672,0.329,0.132,0.0,0.238,0.742,0.0,0.094,0.299
46.A@NE2-124.A@OD1,0.383,0.031,0.45,0.001,0.596,0.351,0.0,0.532,0.213,0.406,0.117,0.032,0.2,0.349,0.12,0.001,0.109,0.021,0.805,0.0,0.0,0.01,0.02,0.769,0.319,0.07,0.413,0.408,0.0,0.0,0.096,0.23,0.124,0.211,0.418,0.765,0.934,0.001,0.0,0.0,0.1,0.198,0.006,0.0,0.528,0.023,0.036,0.0,0.064,0.481,0.0,0.0,0.0,0.0,0.24,0.0,0.387,0.0,0.001,0.551,0.434,0.522,0.027,0.615,0.381,0.14,0.507,0.29,0.739,0.0,0.092,0.361
123.A@O-139.A@ND2,0.29,0.782,0.807,0.006,0.0,0.596,0.003,0.0,0.083,0.0,0.0,0.0,0.286,0.884,0.101,0.0,0.013,0.382,0.02,0.141,0.146,0.129,0.117,0.0,0.642,0.775,0.078,0.748,0.005,0.0,0.0,0.783,0.0,0.518,0.039,0.0,0.001,0.0,0.0,0.719,0.659,0.766,0.482,0.133,0.0,0.001,0.215,0.091,0.167,0.002,0.0,0.008,0.0,0.009,0.103,0.045,0.569,0.0,0.0,0.103,0.415,0.0,0.138,0.0,0.032,0.828,0.812,0.172,0.105,0.0,0.0,0.134
124.B@OD1-126.B@N,0.094,0.591,0.288,0.31,0.312,0.757,0.858,0.245,0.147,0.088,0.289,0.428,0.869,0.375,0.335,0.865,0.754,0.921,0.0,0.484,0.762,0.0,0.0,0.576,0.117,0.691,0.002,0.823,0.459,0.861,0.256,0.91,0.0,0.283,0.365,0.237,0.124,0.485,0.518,0.694,0.541,0.13,0.761,0.959,0.362,0.6,0.227,0.595,0.965,0.621,0.042,0.557,0.544,0.648,0.395,0.508,0.139,0.0,0.235,0.239,0.341,0.657,0.069,0.265,0.197,0.178,0.433,0.388,0.585,0.168,0.396,0.306
46.B@NE2-124.B@OD2,0.088,0.533,0.268,0.262,0.139,0.771,0.759,0.239,0.232,0.069,0.02,0.386,0.788,0.398,0.298,0.839,0.747,0.885,0.0,0.482,0.0,0.0,0.763,0.544,0.078,0.865,0.14,0.422,0.219,0.839,0.329,0.947,0.0,0.556,0.357,0.137,0.109,0.58,0.453,0.727,0.306,0.098,0.67,0.943,0.348,0.481,0.237,0.531,0.952,0.558,0.031,0.462,0.379,0.672,0.635,0.523,0.529,0.0,0.273,0.0,0.414,0.68,0.116,0.455,0.523,0.143,0.611,0.362,0.051,0.154,0.522,0.213
70.B@N-78.B@O,0.0,0.814,0.001,0.127,0.005,0.002,0.0,0.001,0.014,0.008,0.0,0.006,0.0,0.0,0.725,0.051,0.001,0.0,0.0,0.008,0.001,0.004,0.009,0.003,0.0,0.0,0.006,0.0,0.001,0.477,0.003,0.001,0.002,0.679,0.0,0.029,0.074,0.0,0.225,0.0,0.007,0.0,0.003,0.0,0.045,0.0,0.207,0.804,0.0,0.0,0.013,0.057,0.134,0.058,0.002,0.0,0.044,0.01,0.0,0.36,0.0,0.001,0.0,0.002,0.318,0.001,0.833,0.002,0.003,0.006,0.0,0.002
57.A@O-143.A@NH1,0.0,0.171,0.0,0.0,0.0,0.0,0.0,0.0,0.0,0.0,0.0,0.0,0.0,0.0,0.0,0.0,0.0,0.0,0.068,0.16,0.128,0.0,0.0,0.0,0.0,0.068,0.0,0.0,0.0,0.06,0.0,0.038,0.0,0.867,0.0,0.0,0.0,0.0,0.0,0.0,0.0,0.719,0.0,0.0,0.0,0.0,0.0,0.011,0.0,0.0,0.0,0.022,0.0,0.0,0.0,0.0,0.0,0.0,0.0,0.0,0.0,0.0,0.0,0.0,0.0,0.001,0.0,0.054,0.0,0.001,0.0,0.0
23.A@N-28.A@O,0.0,0.382,0.639,0.64,0.0,0.0,0.0,0.501,0.399,0.008,0.0,0.806,0.716,0.137,0.203,0.0,0.487,0.076,0.262,0.025,0.0,0.0,0.025,0.008,0.0,0.18,0.0,0.547,0.0,0.0,0.679,0.0,0.65,0.0,0.658,0.0,0.685,0.45,0.35,0.099,0.566,0.346,0.001,0.283,0.042,0.446,0.07,0.25,0.663,0.0,0.0,0.616,0.0,0.0,0.613,0.155,0.419,0.616,0.0,0.091,0.0,0.623,0.0,0.022,0.548,0.586,0.0,0.621,0.314,0.0,0.519,0.142
52.B@OD2-54.B@OG1,0.0,0.513,0.269,0.025,0.383,0.25,0.15,0.076,0.0,0.181,0.686,0.176,0.287,0.0,0.421,0.311,0.0,0.001,0.001,0.0,0.397,0.384,0.003,0.422,0.008,0.258,0.0,0.522,0.222,0.248,0.115,0.0,0.362,0.356,0.202,0.0,0.203,0.0,0.001,0.23,0.187,0.0,0.208,0.157,0.179,0.0,0.002,0.0,0.131,0.6,0.0,0.0,0.855,0.005,0.385,0.0,0.216,0.835,0.486,0.216,0.303,0.395,0.306,0.003,0.859,0.638,0.573,0.504,0.0,0.378,0.001,0.499
123.B@O-139.B@ND2,0.0,0.397,0.048,0.661,0.202,0.317,0.0,0.113,0.692,0.618,0.696,0.0,0.0,0.0,0.603,0.0,0.0,0.0,0.166,0.0,0.001,0.0,0.628,0.087,0.687,0.0,0.885,0.12,0.799,0.026,0.847,0.193,0.0,0.0,0.428,0.222,0.012,0.54,0.004,0.0,0.863,0.112,0.13,0.02,0.295,0.812,0.0,0.018,0.019,0.004,0.344,0.0,0.015,0.028,0.159,0.249,0.327,0.092,0.395,0.182,0.473,0.0,0.452,0.0,0.474,0.005,0.115,0.0,0.029,0.542,0.0,0.077
79.A@NH1-83.A@O,0.0,0.001,0.0,0.0,0.001,0.0,0.0,0.001,0.0,0.099,0.0,0.0,0.026,0.001,0.001,0.0,0.0,0.0,0.0,0.001,0.001,0.0,0.0,0.004,0.001,0.0,0.0,0.0,0.0,0.0,0.024,0.0,0.0,0.0,0.0,0.003,0.405,0.0,0.0,0.135,0.0,0.001,0.835,0.137,0.231,0.0,0.0,0.0,0.001,0.002,0.001,0.0,0.0,0.0,0.0,0.0,0.0,0.0,0.002,0.001,0.0,0.0,0.0,0.002,0.0,0.0,0.0,0.0,0.0,0.002,0.0,0.0
118.B@N-146.B@O,0.0,0.0,0.0,0.0,0.253,0.0,0.0,0.0,0.0,0.0,0.0,0.0,0.0,0.0,0.0,0.0,0.0,0.0,0.0,0.0,0.88,0.0,0.309,0.0,0.0,0.0,0.0,0.0,0.0,0.0,0.0,0.0,0.0,0.0,0.0,0.0,0.0,0.0,0.0,0.0,0.0,0.0,0.0,0.0,0.0,0.0,0.0,0.0,0.0,0.0,0.0,0.0,0.0,0.0,0.0,0.0,0.0,0.0,0.0,0.0,0.0,0.0,0.0,0.0,0.0,0.405,0.0,0.0,0.0,0.247,0.0,0.091
71.B@NE2-125.B@OD2,0.0,0.0,0.0,0.0,0.021,0.002,0.0,0.31,0.163,0.002,0.147,0.0,0.0,0.0,0.0,0.0,0.0,0.0,0.0,0.011,0.0,0.0,0.803,0.0,0.018,0.0,0.0,0.014,0.13,0.0,0.002,0.001,0.0,0.0,0.0,0.0,0.0,0.015,0.0,0.0,0.365,0.0,0.0,0.0,0.0,0.004,0.0,0.005,0.0,0.0,0.0,0.0,0.002,0.0,0.0,0.0,0.0,0.15,0.0,0.0,0.0,0.001,0.0,0.0,0.003,0.0,0.0,0.013,0.027,0.012,0.009,0.303
8.B@NE2-117.B@O,0.0,0.0,0.0,0.0,0.0,0.0,0.831,0.0,0.0,0.0,0.0,0.0,0.0,0.0,0.0,0.0,0.0,0.0,0.0,0.0,0.0,0.0,0.0,0.0,0.0,0.0,0.0,0.0,0.0,0.0,0.0,0.0,0.0,0.0,0.0,0.0,0.0,0.0,0.0,0.0,0.0,0.0,0.0,0.0,0.0,0.0,0.0,0.0,0.0,0.0,0.0,0.0,0.0,0.0,0.0,0.0,0.0,0.0,0.0,0.0,0.0,0.0,0.0,0.0,0.0,0.0,0.0,0.0,0.0,0.0,0.0,0.0
31.A@N-100.A@O,0.0,0.0,0.0,0.0,0.0,0.0,0.0,0.0,0.0,0.0,0.0,0.034,0.0,0.741,0.0,0.0,0.0,0.0,0.0,0.0,0.0,0.0,0.0,0.0,0.0,0.0,0.0,0.0,0.0,0.0,0.0,0.0,0.0,0.0,0.0,0.0,0.0,0.0,0.0,0.0,0.0,0.0,0.0,0.0,0.0,0.0,0.0,0.0,0.0,0.0,0.0,0.0,0.0,0.0,0.0,0.0,0.0,0.0,0.0,0.812,0.0,0.0,0.0,0.0,0.0,0.0,0.0,0.0,0.0,0.0,0.0,0.0
118.A@N-146.A@O,0.0,0.0,0.0,0.0,0.0,0.0,0.0,0.0,0.0,0.0,0.0,0.0,0.0,0.0,0.0,0.0,0.0,0.0,0.0,0.0,0.906,0.0,0.0,0.0,0.0,0.0,0.0,0.0,0.0,0.793,0.0,0.0,0.0,0.0,0.0,0.0,0.0,0.0,0.0,0.0,0.0,0.0,0.0,0.0,0.0,0.0,0.0,0.679,0.0,0.0,0.0,0.0,0.0,0.0,0.0,0.0,0.0,0.598,0.0,0.0,0.0,0.0,0.0,0.078,0.0,0.0,0.0,0.0,0.0,0.0,0.0,0.0
46.B@NH2-124.B@OD2,0.0,0.0,0.0,0.0,0.0,0.0,0.0,0.0,0.0,0.0,0.0,0.0,0.0,0.0,0.0,0.0,0.0,0.0,0.0,0.0,0.85,0.0,0.0,0.0,0.0,0.0,0.0,0.0,0.0,0.0,0.0,0.0,0.0,0.0,0.0,0.0,0.0,0.0,0.0,0.0,0.0,0.0,0.0,0.0,0.0,0.0,0.0,0.0,0.0,0.0,0.0,0.0,0.0,0.0,0.0,0.0,0.0,0.0,0.0,0.0,0.0,0.0,0.0,0.0,0.0,0.0,0.0,0.0,0.0,0.0,0.0,0.0
46.A@NH1-139.A@O,0.0,0.0,0.0,0.0,0.0,0.0,0.0,0.0,0.0,0.0,0.0,0.0,0.0,0.0,0.0,0.0,0.0,0.0,0.0,0.0,0.801,0.0,0.0,0.0,0.0,0.0,0.0,0.0,0.0,0.0,0.0,0.0,0.0,0.0,0.0,0.0,0.0,0.0,0.0,0.0,0.0,0.0,0.0,0.0,0.0,0.0,0.0,0.0,0.0,0.0,0.0,0.0,0.0,0.0,0.0,0.0,0.0,0.0,0.0,0.0,0.0,0.0,0.0,0.0,0.0,0.0,0.0,0.0,0.0,0.0,0.0,0.0
48.B@NE2-61.B@O,0.0,0.0,0.0,0.0,0.0,0.0,0.0,0.0,0.0,0.0,0.0,0.0,0.0,0.0,0.0,0.0,0.0,0.0,0.0,0.0,0.0,0.0,0.855,0.0,0.0,0.0,0.0,0.0,0.0,0.0,0.0,0.0,0.0,0.0,0.0,0.0,0.0,0.0,0.0,0.0,0.0,0.0,0.0,0.0,0.0,0.0,0.0,0.0,0.0,0.0,0.0,0.0,0.0,0.0,0.0,0.0,0.0,0.0,0.0,0.0,0.0,0.0,0.0,0.0,0.0,0.0,0.0,0.0,0.0,0.0,0.0,0.0
65.A@OG-67.A@O,0.0,0.0,0.0,0.0,0.0,0.0,0.0,0.0,0.0,0.0,0.0,0.0,0.0,0.0,0.0,0.0,0.0,0.0,0.0,0.0,0.0,0.0,0.0,0.826,0.0,0.0,0.0,0.0,0.0,0.0,0.0,0.0,0.0,0.0,0.0,0.0,0.0,0.0,0.0,0.0,0.0,0.0,0.0,0.0,0.0,0.0,0.0,0.0,0.0,0.0,0.0,0.0,0.0,0.0,0.0,0.0,0.0,0.0,0.0,0.0,0.0,0.0,0.0,0.0,0.0,0.0,0.0,0.0,0.0,0.0,0.0,0.0
Survival time,1.466036878555021,1.1965807174080374,0.0,0.2,1.0,5.655791015773865,1.6,1.1,0.0,5.5,1.7,2.4893544579202365,15.225000000000005,16.480748524578154,0.0,2.429796069666429,1.0025750220020022,14.112115633688848,1.8010767899322495,0.0,18.683117312307342,0.0,1.156446625962907,0.0,3.3,4.4,17.0,18.8,6.186222126538207,3.121086036187392,6.0,6.605565113112822,1.7,3.987767468881832,2.7,9.005524558879452,6.0,3.0708697403408065,12.206568454046426,5.3,8.256837039769959,8.099500440684258,4.628837544427882,1.9333333333333331,2.339005963198112,0.9,1.2,21.3,3.4167481372124118,1.8824665305856436,4.0,0.9,3.0172980965466274,4.520281524010604,0.0,2.7,2.5,0.0,1.835,7.5,0.8,2.962674967121272,10.0,3.5,12.727921955936827,12.3,1.6,2.0,2.126203690123189,1.6754052466370517,2.5,20.0
