short_20.A@O_4.A@N;short_126.A@N_124.A@OD1_71.A@NE2_124.A@OD2_46.A@NE2;short_126.A@N_124.A@OD1_71.A@NE2_46.A@NE2_124.A@OD2;short_52.A@OD1_54.A@N_52.A@OD2_54.A@OG1;short_79.A@NE_80.A@O_83.A@N;short_83.A@O_79.A@NH2_81.A@O_101.A@OD2_101.A@OD1_79.A@NH1_74.A@O;short_137.A@N_133.A@O_138.A@N_137.A@OG1;short_101.B@OD2_79.B@NH1_101.B@OD1_79.B@NH2_104.B@N_81.B@O_74.B@O;short_101.B@OD2_79.B@NH1_79.B@NH2_101.B@OD1_104.B@N_81.B@O_74.B@O;short_46.A@NE2_124.A@OD2_126.A@N_124.A@OD1;short_83.A@O_79.A@NH2_79.A@NH1_81.A@O_101.A@OD1_101.A@OD2_74.A@O;short_124.B@OD1_46.B@NE2_71.B@NE2_124.B@OD2_126.B@N;short_124.B@OD1_46.B@NE2_124.B@OD2_71.B@NE2_126.B@N;short_124.B@OD1_46.B@NE2_71.B@NE2_124.B@OD2_126.B@N_125.B@OD2;short_124.B@OD1_46.B@NE2_126.B@N_124.B@OD2_71.B@NE2_125.B@OD2;short_124.B@OD1_46.B@NE2_71.B@NE2_126.B@N_124.B@OD2_125.B@OD2;short_52.A@OD1_54.A@N_54.A@OG1;short_54.B@OG1_52.B@OD1_52.B@OD2_54.B@N;short_52.A@OD1_54.A@N_54.A@OG1_52.A@OD2;short_124.B@OD1_46.B@NE2_124.B@OD2_71.B@NE2_126.B@N_125.B@OD2;short_31.A@N_99.A@O_100.A@O;short_126.A@N_124.A@OD1_124.A@OD2_71.A@NE2_46.A@NE2;short_126.A@N_124.A@OD2_71.A@NE2_124.A@OD1_46.A@NE2;short_124.B@OD1_71.B@NE2_126.B@N_124.B@OD2_46.B@NH2;short_124.B@OD1_71.B@NE2_126.B@N_124.B@OD2_46.B@NE2_125.B@OD2;short_126.A@N_124.A@OD1_71.A@NE2;short_124.B@OD1_71.B@NE2_126.B@N_124.B@OD2_46.B@NE2;short_83.A@O_79.A@NH2_81.A@O_101.A@OD2_101.A@OD1_79.A@NH1;short_83.A@O_79.A@NH2_79.A@NH1_81.A@O_101.A@OD1_74.A@O;short_101.B@OD1_79.B@NH2_104.B@N_79.B@NH1_81.B@O_74.B@O;short_124.B@OD1_46.B@NE2_71.B@NE2_126.B@N_124.B@OD2;short_124.B@OD1_46.B@NE2_126.B@N_124.B@OD2_71.B@NE2;short_46.B@NE2_124.B@OD1_126.B@N_124.B@OD2;short_101.B@OD2_79.B@NH1_101.B@OD1_79.B@NH2_104.B@N_81.B@O;;;
0.821;0.277;0.277;0.585;0.789;0.814;0.37;0.55;0.55;0;0;0;0;0;0;0;0;0;0;0;0;0;0;0;0;0;0;0;0;0;0;0;0;0;0;0;0
0.851;0;0;0;0.572;0.673;0.018;0.397;0.397;0.032;0.673;0.214;0.214;0;0;0;0;0;0;0;0;0;0;0;0;0;0;0;0;0;0;0;0;0;0;0;0
0.817;0.252;0.252;0.33;0.55;0.817;0.135;0.481;0.481;0;0;0;0;0;0;0;0;0;0;0;0;0;0;0;0;0;0;0;0;0;0;0;0;0;0;0;0
0.873;0.513;0.513;0.492;0.645;0.844;0.48;0.439;0.439;0;0;0;0;0;0;0;0;0;0;0;0;0;0;0;0;0;0;0;0;0;0;0;0;0;0;0;0
0.86;0.282;0.282;0.137;0.745;0.826;0.423;0.195;0.235;0;0.826;0;0;0.021;0.021;0.021;0;0;0;0;0;0;0;0;0;0;0;0;0;0;0;0;0;0;0;0;0
0.848;0;0;0;0.717;0.742;0.139;0.376;0.376;0.144;0;0;0;0.002;0.002;0.002;0;0;0;0;0;0;0;0;0;0;0;0;0;0;0;0;0;0;0;0;0
0.899;0.972;0;0;0;0.357;0.787;0.446;0.446;0;0;0;0.044;0;0;0;0.998;0.15;0;0;0;0;0;0;0;0;0;0;0;0;0;0;0;0;0;0;0
0.901;0.372;0.372;0;0.623;0.774;0.57;0.028;0.028;0;0.774;0;0;0;0;0;0;0;0.001;0.153;0;0;0;0;0;0;0;0;0;0;0;0;0;0;0;0;0
0.903;0.693;0.693;0.001;0.812;0.375;0.684;0.529;0.529;0;0;0;0;0;0;0;0;0;0;0;0;0;0;0;0;0;0;0;0;0;0;0;0;0;0;0;0
0.89;0.474;0.474;0.403;0.787;0.677;0.311;0.325;0.325;0;0.677;0;0;0;0;0;0;0;0;0;0;0;0;0;0;0;0;0;0;0;0;0;0;0;0;0;0
0.836;0.436;0.436;0.001;0.591;0.748;0.603;0.057;0.057;0;0;0;0;0;0.118;0;0;0;0;0;0.118;0;0;0;0;0;0;0;0;0;0;0;0;0;0;0;0
0.882;0.64;0;0.531;0;0.611;0.635;0.093;0.093;0;0;0;0;0;0;0;0;0;0;0;0;0.034;0.021;0;0;0;0;0;0;0;0;0;0;0;0;0;0
0.903;0.705;0.705;0.307;0.703;0.175;0.521;0.436;0.436;0;0.175;0;0;0;0;0;0;0;0;0;0;0;0;0;0;0;0;0;0;0;0;0;0;0;0;0;0
0.888;0.231;0.231;0.227;0;0.813;0.651;0.478;0.478;0;0.813;0;0;0;0;0;0;0;0;0;0;0.014;0;0;0;0;0;0;0;0;0;0;0;0;0;0;0
0.864;0.755;0;0.665;0.682;0.748;0.451;0.232;0.232;0;0.748;0;0;0;0;0;0;0;0;0;0;0;0.11;0;0;0;0;0;0;0;0;0;0;0;0;0;0
0.887;0.885;0.885;0.258;0.04;0.202;0.383;0.198;0.198;0;0;0;0;0;0;0;0;0;0;0;0;0;0;0;0;0;0;0;0;0;0;0;0;0;0;0;0
0.881;0.779;0.779;0;0;0.53;0.496;0.509;0.567;0;0;0;0;0;0;0;0.994;0;0;0;0;0;0;0;0;0;0;0;0;0;0;0;0;0;0;0;0
0.87;0.381;0.381;0.096;0.815;0.272;0.315;0.257;0.257;0;0;0;0;0;0;0;0;0;0;0;0;0;0;0;0;0;0;0;0;0;0;0;0;0;0;0;0
0.888;0;0;0.126;0.722;0.712;0.703;0.122;0.122;0;0;0;0;0;0;0;0;0;0;0;0;0;0;0;0;0;0;0;0;0;0;0;0;0;0;0;0
0.832;0.746;0;0.355;0.752;0.568;0.822;0.064;0.064;0;0.568;0;0;0.011;0.011;0.011;0;0;0;0;0;0;0;0.001;0;0;0;0;0;0;0;0;0;0;0;0;0
0.882;0;0;0.584;0.482;0.944;0.604;0.29;0.29;0;0.944;0;0;0;0;0;0;0;0;0;0;0;0;0;0.028;0;0;0;0;0;0;0;0;0;0;0;0
0.827;0.453;0.453;0.017;0.595;0.937;0.624;0.424;0.424;0;0;0;0;0;0;0;0;0;0;0;0;0;0;0;0;0;0;0;0;0;0;0;0;0;0;0;0
0.852;0.734;0.734;0.466;0.675;0.758;0.381;0.103;0.103;0;0;0;0;0;0;0;0;0;0;0;0;0;0;0;0;0.109;0;0;0;0;0;0;0;0;0;0;0
0.876;0.17;0.17;0.283;0.807;0.751;0.357;0.478;0.478;0;0.751;0;0;0;0;0;0;0;0;0;0;0;0;0;0;0;0;0;0;0;0;0;0;0;0;0;0
0.837;0;0;0;0.481;0.864;0.226;0.502;0.502;0.248;0.864;0;0;0;0;0;0;0;0;0;0;0;0;0;0;0;0;0;0;0;0;0;0;0;0;0;0
0.88;0.203;0;0.188;0.654;0.793;0.53;0.12;0.12;0;0;0;0;0;0;0;0;0;0;0;0;0;0.02;0;0;0;0;0;0;0;0;0;0;0;0;0;0
0.867;0.402;0.402;0.366;0.557;0.857;0.51;0.143;0.143;0;0;0;0;0;0;0;0;0;0;0;0;0;0;0;0;0;0;0;0;0;0;0;0;0;0;0;0
0.878;0.03;0.03;0.249;0.676;0.101;0.451;0.392;0.545;0;0;0;0;0.001;0;0;0;0;0;0;0;0;0;0;0;0;0;0;0;0;0;0;0;0;0;0;0
0.861;0;0;0;0;0.648;0.664;0.265;0.265;0;0;0;0;0.13;0.13;0.13;0;0;0;0;0;0;0;0;0;0;0.003;0.789;0;0;0;0;0;0;0;0;0
0.901;0;0;0.498;0;0.902;0.745;0.483;0.532;0;0;0;0;0;0;0;0;0;0;0;0;0;0;0;0;0;0;0.066;0.123;0;0;0;0;0;0;0;0
0.905;0.39;0.39;0;0;0;0.625;0.478;0.549;0;0;0;0;0.002;0.002;0.002;0.993;0.115;0;0;0;0;0;0;0;0;0;0;0;0.353;0;0;0;0;0;0;0
0.857;0.011;0;0;0.17;0.777;0.061;0.501;0.534;0;0;0;0;0.001;0;0;0;0;0;0;0;0;0.011;0;0;0;0.003;0;0;0;0;0;0;0;0;0;0
0.842;0.372;0.372;0;0.815;0.208;0.481;0.424;0.424;0;0;0;0;0;0;0;0;0;0.001;0;0;0;0;0;0;0;0;0;0;0;0;0;0;0;0;0;0
0.897;0;0;0;0;0.723;0.131;0.042;0.042;0.101;0;0.001;0.3;0;0;0;0.995;0;0;0;0;0;0;0;0;0;0;0;0;0;0;0;0;0;0;0;0
0.865;0.522;0.522;0.74;0.685;0.803;0.68;0.411;0.411;0;0;0;0;0;0;0;0;0;0;0;0;0;0;0;0;0;0;0;0;0;0;0;0;0;0;0;0
0.869;0.046;0.046;0.463;0.769;0.684;0.524;0.531;0.542;0;0.684;0;0;0;0;0;0;0;0;0;0;0;0;0;0;0;0;0;0;0;0;0;0;0;0;0;0
0.9;0;0;0.105;0.369;0.04;0.546;0.206;0.206;0;0.04;0;0.351;0;0;0;0;0;0;0;0;0;0;0;0;0;0;0;0;0;0.951;0;0;0;0;0;0
0.871;0.529;0.529;0.714;0.705;0.761;0.358;0.544;0.567;0;0;0;0;0;0;0;0;0;0;0.006;0;0;0;0;0;0;0;0;0;0;0;0.023;0;0;0;0;0
0.888;0;0;0;0;0.299;0.003;0.08;0.08;0;0;0.001;0.001;0;0;0;0.997;0.001;0;0;0;0;0;0;0;0;0;0;0;0;0;0;0;0;0;0;0
0.906;0.366;0;0.078;0.664;0.083;0.611;0.516;0.516;0;0.083;0;0;0;0;0;0;0;0;0;0;0;0;0;0;0;0;0;0;0;0;0;0;0;0;0;0
0.83;0.158;0.158;0.129;0.578;0.775;0.047;0.196;0.196;0;0;0;0;0;0;0;0;0;0;0;0;0;0;0;0;0;0;0;0;0;0;0;0;0;0;0;0
0.833;0.279;0;0;0;0.764;0.216;0.081;0.081;0;0.764;0;0;0;0;0;0.991;0;0;0;0;0;0.192;0;0;0;0;0;0;0;0;0;0;0;0;0;0
0.86;0.483;0.483;0.041;0.826;0.064;0.287;0.243;0.243;0;0.064;0;0;0;0;0;0;0;0;0;0;0;0;0;0;0;0;0;0;0;0;0;0;0;0;0;0
0.791;0.928;0;0;0.014;0;0;0;0;0;0;0;0;0;0;0;0;0;0;0;0;0;0;0;0;0;0.001;0;0;0;0;0;0;0;0;0;0
0.814;0.069;0.069;0.564;0.162;0;0.297;0;0;0;0;0;0;0;0;0;0;0;0;0;0;0;0;0;0;0;0;0;0;0;0;0;0.015;0.004;0;0;0
0.91;0.505;0.505;0.178;0.665;0;0.551;0;0;0;0;0;0;0.001;0.001;0.001;0;0;0;0;0;0;0;0;0;0;0;0;0;0;0;0;0;0;0;0;0
0.883;0.616;0;0.806;0.742;0;0.221;0;0;0;0;0;0;0;0;0;0;0;0;0;0;0;0.002;0;0;0;0;0;0;0;0;0;0;0;0;0;0
0.889;0.606;0;0.343;0.359;0.001;0.301;0.115;0.115;0;0;0;0;0.005;0.005;0.005;0;0;0;0;0;0;0;0.158;0;0;0;0;0;0;0;0;0;0;0;0;0
0.889;0.892;0.892;0.286;0.439;0.487;0.652;0.213;0.213;0;0.487;0;0;0;0;0;0;0;0;0;0;0;0;0;0;0;0;0;0;0;0;0;0;0;0;0;0
0.858;0.489;0.489;0.727;0.483;0.86;0.331;0.365;0.365;0;0.86;0;0;0;0;0;0;0;0;0;0;0;0;0;0;0;0;0;0;0;0;0;0;0;0;0;0
0.889;0.869;0;0;0.369;0.835;0.56;0.467;0.521;0;0.835;0;0;0;0;0;0;0;0;0;0;0;0;0;0;0;0.002;0;0;0;0;0;0;0;0;0;0
0.829;0;0;0;0;0.327;0.553;0.213;0.213;0;0;0;0;0;0;0;0;0;0;0;0;0;0;0;0;0;0.001;0.505;0;0;0;0;0;0;0.001;0;0
0.824;0.81;0;0.368;0.706;0.634;0.428;0.343;0.343;0;0;0;0;0;0;0;0;0;0;0;0;0;0;0;0;0;0;0;0;0;0;0;0;0;0;0;0
0.854;0.855;0;0.001;0.535;0.717;0.469;0.52;0.52;0;0;0;0;0;0;0;0;0;0;0;0;0;0;0.001;0;0;0;0;0;0;0;0;0;0;0;0;0
0.892;0.352;0.352;0.051;0.726;0.772;0.705;0.423;0.576;0;0;0;0;0;0;0;0;0;0;0;0;0;0;0;0;0;0;0;0;0;0;0;0;0;0;0;0
0.86;0;0;0.12;0;0.69;0.82;0.17;0.17;0;0;0.002;0.067;0;0;0;0;0;0;0;0;0;0;0;0;0;0;0.966;0;0;0;0;0;0;0;0;0
0.837;0.271;0.271;0;0.768;0.12;0.243;0.178;0.178;0;0;0;0;0;0;0;0;0;0.002;0;0;0;0;0;0;0;0;0;0;0;0;0;0;0;0;0;0
0.905;0;0;0.532;0.262;0.737;0.709;0.188;0.188;0;0;0;0;0;0;0;0;0;0;0;0;0;0;0;0;0;0;0;0;0;0;0;0;0;0;0;0
0.876;0.754;0;0.492;0.756;0.752;0.043;0.507;0.507;0;0.752;0.038;0;0;0;0;0;0;0;0;0;0;0;0;0;0;0;0;0;0;0;0;0;0;0;0;0
0.869;0.066;0.066;0.674;0.316;0.637;0.588;0.472;0.472;0;0.637;0;0;0;0;0;0;0;0;0;0;0;0;0;0;0;0;0;0;0;0;0;0;0;0;0;0
0.878;0.297;0.297;0.183;0.597;0.616;0.205;0.236;0.236;0;0;0;0;0;0;0;0;0;0;0;0;0;0;0;0;0;0;0;0;0;0;0;0;0;0;0;0
0.857;0.094;0.094;0.185;0.529;0.886;0.415;0.234;0.234;0;0;0;0;0.001;0.001;0.001;0;0;0;0;0;0;0;0;0;0;0;0;0;0;0;0;0;0;0;0;0
0.893;0.841;0.841;0.047;0.735;0.919;0.577;0.451;0.451;0;0;0;0;0;0;0;0;0;0;0;0;0;0;0;0;0;0;0;0;0;0;0;0;0;0;0;0
0.876;0.154;0.154;0.076;0.778;0.615;0.465;0.413;0.51;0;0.615;0;0;0;0;0;0;0;0;0;0;0;0;0;0;0;0;0;0;0;0;0;0;0;0;0;0
0.858;0.036;0.036;0;0;0.674;0.829;0.503;0.586;0;0;0;0;0;0;0;0.998;0;0;0;0;0;0;0;0;0;0;0;0;0;0;0;0;0;0;0.002;0
0.921;0.342;0;0.607;0.564;0.718;0.11;0.228;0.228;0;0;0;0;0;0;0;0;0;0;0;0;0;0.132;0;0;0;0;0;0;0;0;0;0;0;0;0;0
0.879;0.249;0.249;0.044;0.211;0.779;0.189;0.493;0.493;0;0;0;0;0;0;0;0;0;0;0;0;0;0;0;0;0;0;0;0;0;0;0;0;0;0;0;0
0.894;0.584;0.584;0.377;0.189;0.505;0.528;0.479;0.479;0;0;0;0;0.013;0.013;0.013;0;0;0;0;0;0;0;0;0;0;0;0;0;0;0;0;0;0;0;0;0
0.832;0.155;0.155;0.16;0.687;0.556;0.688;0;0;0;0;0;0;0;0;0;0;0;0;0;0;0;0;0;0;0;0;0;0;0;0;0;0;0;0;0;0.499
0.832;0.955;0;0;0.641;0.808;0.416;0.33;0.33;0;0.808;0;0;0.012;0.012;0.012;0;0;0;0;0;0;0;0;0;0;0.001;0;0;0;0;0;0;0;0;0;0
0.848;0.493;0.493;0.389;0.782;0.452;0.477;0.49;0.561;0;0;0;0;0.008;0.008;0.008;0;0;0;0;0;0;0;0;0;0;0;0;0;0;0;0;0;0;0;0;0
0.88;0.482;0.482;0;0;0.248;0.644;0.419;0.524;0;0;0;0;0.003;0.003;0.003;0.995;0.48;0;0;0;0;0;0;0;0;0;0;0;0;0;0;0;0;0;0;0
