4,A@N-20,A@O;5,A@N-150,A@O;6,A@N-18,A@O;8,A@N-16,A@O;6,A@O-18,A@N;19,A@N-32,A@O;4,A@O-20,A@N;21,A@N-30,A@O;29,A@N-101,A@O;21,A@O-30,A@N;31,A@N-99,A@O;19,A@O-32,A@N;35,A@N-95,A@O;15,A@O-36,A@N;43,A@N-87,A@O;43,A@ND1-120,A@O;44,A@N-122,A@O;46,A@N-118,A@O;46,A@NE2-124,A@OD2;47,A@N-82,A@O;48,A@N-116,A@O;49,A@N-62,A@O;51,A@N-151,B@O;52,A@O-53,A@ND2;52,A@OD1-54,A@N;47,A@O-64,A@N;65,A@ND2-69,A@O;71,A@NE2-124,A@OD1;79,A@NE-80,A@O;74,A@O-79,A@NH1;79,A@NH1-101,A@OD2;79,A@NH2-81,A@O;79,A@NH2-101,A@OD2;64,A@O-82,A@N;80,A@O-83,A@N;86,A@ND2-124,A@O;43,A@O-87,A@N;41,A@O-89,A@N;90,A@N-94,A@O;35,A@O-95,A@N;33,A@O-97,A@N;29,A@O-101,A@N;22,A@OE1-106,A@N;114,A@N-149,A@O;111,A@O-115,A@NE;49,A@O-115,A@NH1;46,A@O-118,A@N;119,A@N-145,A@O;44,A@O-120,A@N;121,A@N-142,A@O;124,A@OD1-126,A@N;133,A@O-138,A@N;119,A@O-144,A@N;9,A@O-146,A@N;115,A@O-149,A@N;5,A@O-150,A@N;114,B@O-151,A@N;3,A@O-152,A@N;5,B@N-150,B@O;6,B@N-18,B@O;8,B@N-16,B@O;6,B@O-18,B@N;19,B@N-32,B@O;4,B@O-20,B@N;2,B@O-22,B@N;29,B@N-101,B@O;21,B@O-30,B@N;31,B@N-99,B@O;19,B@O-32,B@N;15,B@O-36,B@N;43,B@ND1-120,B@O;44,B@N-122,B@O;45,B@N-85,B@O;46,B@N-118,B@O;46,B@NE2-124,B@OD1;48,B@N-116,B@O;49,B@N-62,B@O;50,B@N-60,B@O;51,B@N-151,A@O;52,B@O-53,B@ND2;52,B@OD1-54,B@N;65,B@ND2-69,B@O;71,B@NE2-124,B@OD2;79,B@NH2-81,B@O;79,B@NH2-101,B@OD1;64,B@O-82,B@N;80,B@O-83,B@N;86,B@ND2-124,B@O;43,B@O-87,B@N;41,B@O-89,B@N;90,B@N-94,B@O;35,B@O-95,B@N;33,B@O-97,B@N;31,B@O-99,B@N;29,B@O-101,B@N;101,B@OD1-104,B@N;114,B@N-149,B@O;49,B@O-115,B@NH1;117,B@N-147,B@O;46,B@O-118,B@N;119,B@N-145,B@O;44,B@O-120,B@N;86,B@OD1-124,B@N;125,B@N-138,B@O;124,B@OD2-126,B@N;133,B@O-137,B@N;57,B@O-143,B@NH1;119,B@O-144,B@N;9,B@O-146,B@N;115,B@O-149,B@N;114,A@O-151,B@N;52,A@OD1-54,A@OG1;50,A@O-116,A@OG1;125,A@OD1-134,A@OG;52,B@OD1-54,B@OG1;50,B@O-116,B@OG1;2,A@O-22,A@N;45,A@N-85,A@O;71,A@N-135,A@O;31,A@O-99,A@N;105,A@O-112,A@N;122,A@N-140,A@O;86,A@OD1-124,A@N;131,A@O-135,A@N;133,A@O-137,A@N;4,B@N-20,B@O;21,B@N-30,B@O;35,B@N-95,B@O;43,B@N-87,B@O;55,B@N-59,B@OG;74,B@O-79,B@NH1;79,B@NH1-101,B@OD2;55,A@N-59,A@OG;117,A@N-147,A@O;47,B@O-64,B@N;121,B@N-142,B@O;5,B@O-150,B@N;47,B@N-82,B@O;132,A@O-136,A@N;22,B@OE1-106,B@N;79,B@NH1-101,B@OD1;111,A@O-115,A@NH2;71,A@NE2-124,A@OD2;79,A@NH2-83,A@O;45,B@O-84,B@N;79,A@NH2-101,A@OD1;70,B@O-80,B@N;79,B@NH2-101,B@OD2;132,B@O-136,B@N;57,A@O-58,A@OG1;125,B@OD1-134,B@OG;133,B@O-138,B@N;131,B@O-135,B@N;40,B@N-90,B@O;57,B@O-143,B@NH2;52,A@OD2-54,A@OG1;57,B@O-58,B@OG1;52,A@OD2-54,A@N;133,A@O-137,A@OG1;48,A@ND1-61,A@O;71,B@NE2-124,B@OD1;134,B@O-135,B@OG1;124,A@OD2-126,A@N;46,A@NE2-124,A@OD1;123,A@O-139,A@ND2;124,B@OD1-126,B@N;46,B@NE2-124,B@OD2;70,B@N-78,B@O;57,A@O-143,A@NH1;23,A@N-28,A@O;52,B@OD2-54,B@OG1;123,B@O-139,B@ND2;79,A@NH1-83,A@O;118,B@N-146,B@O;71,B@NE2-125,B@OD2;8,B@NE2-117,B@O;31,A@N-100,A@O;118,A@N-146,A@O;46,B@NH2-124,B@OD2;46,A@NH1-139,A@O;48,B@NE2-61,B@O;65,A@OG-67,A@O;Survival time
0.821;0.906;0.928;0.836;0.908;0.92;0.876;0.869;0.875;0.787;0.934;0.773;0.784;0.776;0.81;0.796;0.796;0.855;0.295;0.662;0.952;0.89;0.849;0.206;0.154;0.743;0.788;0.26;0.585;0.71;0.613;0.814;0.358;0.871;0.789;0.666;0.931;0.917;0.79;0.87;0.78;0.746;0.694;0.871;0.586;0.96;0.919;0.91;0.895;0.825;0.277;0.37;0.821;0.645;0.94;0.874;0.889;0.484;0.939;0.915;0.822;0.909;0.932;0.923;0.889;0.738;0.841;0.927;0.827;0.809;0.739;0.807;0.848;0.87;0.558;0.963;0.912;0.742;0.782;0.07;0.764;0.795;0.503;0.742;0.479;0.87;0.707;0.828;0.934;0.931;0.678;0.889;0.754;0.677;0.698;0.201;0.866;0.965;0.941;0.959;0.974;0.904;0.83;0.167;0.658;0.293;0.283;0.29;0.71;0.946;0.872;0.213;0.967;0.361;0.995;0.994;0.846;0.829;0.101;0.797;0.726;0.5;0.812;0.565;0.592;0.704;0.887;0.846;0.844;0.865;0.644;0.55;0.825;0.921;0.748;0.756;0.886;0.611;0.462;0.732;0.551;0.055;0.21;0.037;0.021;0.591;0.007;0.445;0.322;0.128;0.231;0.414;0.548;0.718;0.559;0.746;0.005;0.585;0.216;0.283;0.002;0.225;0.385;0.383;0.29;0.094;0.088;0;0;0;0;0;0;0;0;0;0;0;0;0;0;0;1.466036879
0.851;0.974;0.899;0.82;0.858;0.929;0.895;0.858;0.87;0.866;0.931;0.818;0.878;0.801;0.878;0.696;0.782;0.841;0.432;0.35;0.959;0.874;0.794;0.627;0.663;0.853;0.627;0;0.563;0.525;0.498;0.673;0.476;0.796;0.572;0.734;0.952;0.898;0.818;0.914;0.75;0.752;0.519;0.852;0.321;0.956;0.947;0.921;0.805;0.726;0.528;0.018;0.449;0.792;0.909;0.934;0.869;0.536;0.963;0.868;0.862;0.891;0.926;0.86;0.72;0.741;0.788;0.922;0.843;0.906;0.919;0.852;0.831;0.823;0.303;0.964;0.886;0.599;0.801;0.784;0.419;0.282;0.214;0.71;0.456;0.882;0.679;0.773;0.957;0.906;0.814;0.902;0.687;0.789;0.802;0.125;0.843;0.896;0.936;0.877;0.96;0.913;0.909;0.343;0.278;0.753;0;0.916;0.743;0.945;0.89;0.856;0.984;0.023;0.479;0.959;0.779;0.828;0;0.714;0.661;0.571;0.886;0.355;0.634;0.736;0.861;0.661;0.815;0.283;0.479;0.397;0.709;0.941;0.851;0.891;0.9;0.757;0.533;0.752;0.635;0.025;0;0.075;0.017;0.415;0.072;0.479;0.619;0.005;0.172;0.096;0.648;0;0;0.083;0.629;0.054;0.612;0.543;0.824;0.165;0.032;0.031;0.782;0.591;0.533;0.814;0.171;0.382;0.513;0.397;0.001;0;0;0;0;0;0;0;0;0;1.196580717
0.817;0.901;0.926;0.84;0.891;0.931;0.915;0.888;0.92;0.936;0.943;0.844;0.876;0.776;0.833;0.648;0.794;0.8;0.192;0.868;0.926;0.902;0.9;0.702;0.521;0.664;0.751;0.124;0.279;0.395;0.253;0.817;0.774;0.913;0.55;0.606;0.924;0.896;0.794;0.898;0.723;0.807;0.783;0.888;0.768;0.945;0.86;0.95;0.871;0.869;0.252;0.135;0.872;0.757;0.942;0.866;0.859;0.451;0.885;0.923;0.801;0.868;0.947;0.913;0.937;0.79;0.855;0.901;0.782;0.897;0.677;0.734;0.818;0.579;0.656;0.958;0.905;0.612;0.843;0.77;0.614;0.415;0.71;0.886;0.433;0.948;0.778;0.687;0.951;0.885;0.801;0.911;0.712;0.675;0.794;0.2;0.858;0.957;0.949;0.782;0.938;0.924;0.892;0.593;0.686;0.797;0;0.889;0.807;0.95;0.832;0.585;0.896;0.072;0.723;0.946;0.895;0.617;0.004;0.703;0.618;0.512;0.937;0.571;0.39;0.804;0.858;0.765;0.805;0.634;0.505;0.481;0.493;0.946;0.869;0.915;0.867;0.903;0.563;0.841;0.548;0.191;0.562;0.054;0.098;0.191;0.048;0.543;0.175;0.862;0.283;0.791;0.754;0;0;0.403;0.514;0.33;0.175;0.042;0.344;0.777;0.602;0.45;0.807;0.288;0.268;0.001;0;0.639;0.269;0.048;0;0;0;0;0;0;0;0;0;0;0
0.873;0.957;0.937;0.869;0.812;0.94;0.903;0.93;0.938;0.935;0.944;0.828;0.853;0.823;0.84;0.599;0.631;0.875;0.487;0.766;0.965;0.918;0.8;0.218;0.297;0.838;0.715;0.497;0.47;0.522;0.597;0.844;0.394;0.885;0.645;0.389;0.91;0.873;0.802;0.884;0.757;0.813;0.67;0.884;0.155;0.227;0.898;0.92;0.898;0.853;0.513;0.48;0.873;0.692;0.943;0.843;0.826;0.623;0.959;0.949;0.834;0.771;0.922;0.891;0.91;0.739;0.873;0.928;0.781;0.797;0.647;0.745;0.792;0.853;0.089;0.956;0.917;0.522;0.86;0.795;0.794;0.56;0.059;0.908;0.413;0.744;0.448;0.559;0.926;0.875;0.823;0.869;0.782;0.808;0.852;0.226;0.895;0.826;0.921;0.906;0.921;0.867;0.904;0.48;0.21;0.461;0;0.937;0.706;0.917;0.863;0.378;0.97;0.052;0.925;0.954;0.848;0.729;0.245;0.811;0.771;0.435;0.638;0.417;0.521;0.874;0.872;0.88;0.85;0.544;0.592;0.439;0.785;0.934;0.753;0.861;0.832;0.819;0.51;0.86;0.567;0.647;0.218;0.02;0.035;0.564;0.486;0.505;0.628;0.277;0.059;0.192;0.683;0.512;0;0.621;0.539;0.492;0.069;0.102;0.243;0.092;0.022;0.001;0.006;0.31;0.262;0.127;0;0.64;0.025;0.661;0;0;0;0;0;0;0;0;0;0;0.2
0.86;0.921;0.944;0.845;0.908;0.917;0.905;0.871;0.823;0.813;0.911;0.794;0.656;0.925;0.791;0.712;0.807;0.683;0.261;0.82;0.9;0.882;0.841;0.057;0.621;0.852;0.275;0.29;0.415;0.415;0.64;0.826;0.362;0.862;0.745;0.711;0.954;0.924;0.888;0.888;0.735;0.751;0.747;0.887;0.005;0.034;0.879;0.926;0.932;0.904;0.282;0.423;0.934;0;0.819;0.666;0.733;0.536;0.924;0.85;0.837;0.876;0.911;0.897;0.926;0.789;0.862;0.913;0.764;0.781;0.303;0.508;0.934;0;0.229;0.784;0.719;0.261;0.907;0.179;0.362;0.585;0.289;0.897;0.729;0.602;0.462;0.536;0.928;0.879;0.852;0.869;0.672;0.558;0.801;0.4;0.907;0.956;0.867;0;0.743;0.855;0.906;0.068;0.256;0.718;0;0.748;0.137;0.8;0.842;0.813;0.854;0.241;0.488;0.94;0.897;0.807;0.14;0.761;0.689;0.339;0.91;0.725;0.599;0.892;0.897;0.846;0.867;0.473;0.235;0.789;0.783;0.92;0.496;0.712;0.588;0.603;0.553;0.827;0.195;0.885;0.623;0.064;0;0.601;0.297;0.193;0.34;0.329;0.407;0.616;0.842;0.749;0;0.184;0.483;0.137;0.094;0.102;0.262;0.625;0.679;0.596;0;0.312;0.139;0.005;0;0;0.383;0.202;0.001;0.253;0.021;0;0;0;0;0;0;0;1
0.848;0.94;0.901;0.857;0.911;0.937;0.917;0.838;0.858;0.838;0.935;0.875;0.869;0.798;0.819;0.908;0.793;0.861;0.281;0.477;0.965;0.86;0.822;0.647;0.585;0.839;0.712;0;0.632;0.69;0.462;0.742;0.565;0.742;0.717;0.79;0.919;0.91;0.866;0.88;0.759;0.721;0.566;0.945;0.448;0.976;0.948;0.93;0.901;0.804;0.144;0.139;0.813;0.701;0.918;0.9;0.824;0.611;0.932;0.855;0.856;0.908;0.91;0.829;0.938;0.809;0.895;0.92;0.857;0.827;0.511;0.799;0.871;0.638;0.124;0.896;0.895;0.546;0.874;0.318;0.599;0.745;0.165;0.516;0.285;0.93;0.378;0.613;0.879;0.88;0.748;0.894;0.731;0.551;0.821;0.116;0.87;0.933;0.947;0.761;0.908;0.644;0.934;0.313;0.073;0.699;0;0.894;0.736;0.885;0.788;0.702;0.959;0.03;0.727;0.804;0.912;0.833;0;0.685;0.706;0.445;0.872;0.196;0.448;0.855;0.874;0.865;0.677;0.788;0.429;0.376;0.287;0.938;0.748;0.824;0.835;0.514;0.226;0.748;0.695;0.148;0;0.066;0.238;0.337;0.034;0.685;0.517;0.579;0.559;0.683;0.704;0.512;0;0.229;0.111;0.163;0.159;0.286;0.815;0.452;0.228;0.351;0.596;0.757;0.771;0.002;0;0;0.25;0.317;0;0;0.002;0;0;0;0;0;0;0;5.655791016
0.899;0.916;0.884;0.852;0.903;0.938;0.839;0.879;0.22;0.864;0.072;0.727;0.766;0.894;0.808;0.623;0.735;0.588;0.922;0.112;0.92;0.924;0.865;0.242;0.822;0.726;0.806;0.905;0.739;0.494;0.476;0.357;0.519;0.954;0.125;0.753;0.93;0.884;0.802;0.887;0.629;0.008;0.702;0.896;0.102;0.147;0.701;0.83;0.875;0.896;0.972;0.787;0.915;0.656;0.923;0.827;0.839;0.771;0.92;0.914;0.883;0.945;0.925;0.88;0.857;0.896;0.907;0.946;0.848;0.798;0.79;0.763;0.851;0.884;0.063;0.947;0.912;0.608;0.855;0.498;0.612;0.749;0.044;0.691;0.581;0.903;0.788;0.8;0.95;0.902;0.805;0.873;0.779;0.67;0.806;0.207;0.886;0.48;0.936;0.949;0.865;0.877;0.893;0.034;0.061;0.649;0.031;0.673;0.642;0.918;0.808;0.998;0.94;0.453;0.794;0.937;0.917;0.746;0.076;0.065;0.741;0.367;0.886;0.622;0.486;0.854;0.909;0.778;0.839;0.427;0.446;0.613;0.783;0.928;0.699;0.794;0.874;0.728;0.565;0.693;0.509;0.565;0.006;0.382;0.025;0.446;0.012;0.35;0.597;0;0.227;0.84;0.546;0.542;0;0;0;0;0.027;0;0.605;0;0;0;0.003;0.858;0.759;0;0;0;0.15;0;0;0;0;0.831;0;0;0;0;0;0;1.6
0.901;0.952;0.928;0.761;0.906;0.905;0.893;0.869;0.886;0.9;0.956;0.783;0.906;0.76;0.789;0.765;0.806;0.621;0.329;0.804;0.942;0.881;0.878;0.143;0.81;0.863;0.562;0.467;0.411;0.409;0.514;0.774;0.464;0.931;0.623;0.671;0.929;0.89;0.795;0.862;0.767;0.845;0.562;0.877;0.649;0.935;0.781;0.941;0.887;0.913;0.372;0.57;0.87;0.504;0.941;0.874;0.881;0.6;0.934;0.9;0.837;0.892;0.933;0.902;0.958;0.813;0.857;0.927;0.776;0.826;0.822;0.701;0.669;0.899;0.015;0.943;0.892;0.698;0.804;0.179;0.73;0.662;0;0.02;0.523;0.848;0.734;0.755;0.907;0.91;0.799;0.907;0.765;0.752;0.763;0.178;0.947;0.955;0.953;0.933;0;0.678;0.44;0.093;0;0.781;0;0.806;0;0.936;0.821;0.997;0.884;0.438;0.916;0.961;0.869;0.844;0.61;0.8;0.514;0.264;0.895;0.54;0.636;0.922;0.916;0.859;0.835;0.789;0.028;0.413;0.749;0.941;0.805;0.631;0.858;0.377;0.489;0.654;0.494;0.109;0.556;0.107;0;0.508;0.005;0.57;0.765;0.417;0.161;0.555;0.538;0.599;0.817;0;0.005;0.001;0.156;0;0.153;0.043;0.537;0.532;0;0.245;0.239;0.001;0;0.501;0.076;0.113;0.001;0;0.31;0;0;0;0;0;0;0;1.1
0.903;0.943;0.936;0.799;0.901;0.914;0.867;0.896;0.871;0.899;0.936;0.795;0.866;0.792;0.776;0.714;0.791;0.556;0.648;0.92;0.936;0.905;0.87;0.746;0.85;0.921;0.409;0.71;0.129;0.197;0.423;0.375;0.68;0.892;0.812;0.72;0.953;0.911;0.804;0.858;0.709;0.802;0.679;0.913;0.032;0.047;0.74;0.936;0.886;0.873;0.693;0.684;0.895;0.769;0.946;0.835;0.859;0.635;0.953;0.932;0.822;0.911;0.945;0.855;0.901;0.84;0.873;0.943;0.8;0.836;0.557;0.696;0.728;0.76;0.594;0.944;0.92;0.613;0.802;0.325;0.838;0.815;0;0.696;0.428;0.912;0.643;0.366;0.901;0.895;0.688;0.868;0.722;0.725;0.799;0.228;0.901;0.862;0.935;0.94;0.882;0.85;0.912;0;0.137;0.732;0;0.661;0.689;0.935;0.859;0.995;0.964;0.364;0.998;0.976;0.857;0.842;0.808;0.746;0.695;0.485;0.866;0.537;0.523;0.86;0.878;0.774;0.771;0.821;0.645;0.529;0.67;0.941;0.777;0.301;0.882;0.717;0.48;0.744;0.553;0.847;0.358;0.55;0.02;0.296;0.094;0.481;0.449;0.386;0.188;0.589;0.336;0;0;0.003;0.165;0.001;0.054;0;0;0.155;0.235;0.213;0.083;0.147;0.232;0.014;0;0.399;0;0.692;0;0;0.163;0;0;0;0;0;0;0;0
0.89;0.945;0.905;0.831;0.913;0.927;0.897;0.854;0.875;0.869;0.915;0.773;0.785;0.811;0.892;0.553;0.861;0;0.425;0.765;0.781;0.86;0.895;0.185;0.363;0.853;0.277;0.561;0.316;0.459;0.388;0.677;0.62;0.936;0.787;0.813;0.94;0.898;0.787;0.903;0.659;0.72;0.651;0.932;0.577;0.965;0.001;0.937;0.883;0.706;0.474;0.311;0.798;0.822;0.884;0.846;0.815;0.602;0.913;0.811;0.467;0.838;0.9;0.915;0.87;0.205;0.839;0.921;0.869;0.842;0.679;0.693;0.817;0.748;0.229;0.97;0.865;0.679;0.802;0.113;0.595;0.393;0;0.451;0.264;0.789;0.486;0.748;0.907;0.874;0.779;0.892;0.729;0.546;0.469;0.823;0.937;0.983;0.944;0.905;0.86;0.899;0.766;0.052;0.004;0.673;0.033;0.608;0.544;0.934;0.743;0.478;0.883;0.443;0.75;0.955;0.909;0.952;0.834;0.63;0.491;0.463;0.883;0.76;0.105;0.855;0.836;0.815;0.87;0.536;0.325;0.477;0.718;0.857;0.818;0.798;0.876;0.627;0.516;0.601;0.535;0.035;0.498;0.018;0.004;0.376;0.239;0.621;0.686;0.78;0.123;0.155;0.464;0.04;0.031;0.507;0.165;0.403;0.019;0.605;0;0.176;0.425;0.406;0;0.088;0.069;0.008;0;0.008;0.181;0.618;0.099;0;0.002;0;0;0;0;0;0;0;5.5
0.836;0.917;0.915;0.824;0.851;0.937;0.869;0.915;0.346;0.746;0;0.868;0.393;0.843;0.767;0.862;0.814;0.895;0.648;0.632;0.964;0.898;0.865;0.05;0.739;0.786;0.613;0.068;0.476;0.567;0.675;0.748;0.3;0.89;0.591;0.717;0.937;0.813;0.506;0.745;0.255;0.018;0.628;0.887;0.55;0.958;0.947;0.946;0.876;0.851;0.436;0.603;0.863;0.471;0.953;0.867;0.828;0.562;0.927;0.912;0.86;0.899;0.936;0.853;0.925;0.838;0.852;0.929;0.795;0.891;0.71;0.695;0.77;0.845;0.094;0.967;0.916;0.562;0.821;0.365;0.245;0.441;0.118;0.263;0.143;0.393;0.168;0.579;0.92;0.913;0.816;0.888;0.758;0.766;0.761;0.071;0.889;0.497;0.946;0.888;0.949;0.896;0.823;0.655;0.185;0.496;0;0.893;0.748;0.941;0.816;0.968;0.98;0.098;0.278;0.972;0.904;0.857;0;0;0.648;0.372;0.866;0.531;0.721;0.874;0.889;0.798;0.858;0.615;0.057;0.272;0.597;0.925;0.903;0.876;0.843;0.693;0.497;0.831;0.757;0.031;0.075;0.071;0.012;0.646;0.007;0.791;0.655;0.2;0.274;0.324;0.523;0.261;0;0.001;0.17;0.001;0.134;0.451;0;0;0.104;0.117;0;0.289;0.02;0;0;0;0.686;0.696;0;0;0.147;0;0;0;0;0;0;0;1.7
0.882;0.944;0.942;0.763;0.93;0.881;0.793;0.699;0.212;0.861;0.698;0.818;0.802;0.884;0.855;0.614;0.789;0.864;0.608;0.623;0.93;0.934;0.822;0.075;0.296;0.675;0.767;0.445;0.4;0.444;0.677;0.611;0.299;0.853;0.682;0.835;0.935;0.887;0.805;0.916;0.726;0.876;0.211;0.856;0.13;0.257;0.902;0.938;0.87;0.848;0.64;0.635;0.762;0.673;0.892;0.797;0.826;0.697;0.939;0.898;0.803;0.898;0.892;0.847;0.903;0.767;0.816;0.94;0.816;0.856;0.765;0.9;0.854;0.672;0.195;0.962;0.931;0.531;0.83;0.095;0.643;0.305;0.344;0.252;0.593;0.826;0.599;0.219;0.951;0.843;0.276;0.767;0.668;0.816;0.787;0.019;0.911;0.179;0.929;0.776;0.956;0.914;0.904;0.083;0.237;0.602;0;0.84;0.747;0.925;0.787;0.353;0.954;0.233;0.8;0.973;0.78;0.774;0;0.835;0.776;0.517;0.875;0.633;0.479;0.841;0.865;0.737;0.774;0.681;0.093;0.635;0.689;0.958;0.927;0.893;0.869;0.899;0.548;0.637;0.345;0.511;0;0.222;0.07;0.642;0.066;0.429;0.567;0;0.041;0.107;0.488;0;0;0.645;0.369;0.531;0.012;0.33;0.601;0;0.021;0.032;0;0.428;0.386;0.006;0;0.806;0.176;0;0;0;0;0;0.034;0;0;0;0;0;2.489354458
0.903;0.925;0.932;0.852;0.896;0.92;0.894;0.913;0.894;0.909;0.936;0.835;0.829;0.832;0.769;0.754;0.78;0.621;0.71;0.881;0.944;0.889;0.86;0.575;0.525;0.928;0.5;0.765;0.338;0.131;0.529;0.175;0.485;0.906;0.703;0.642;0.943;0.918;0.804;0.907;0.672;0.828;0.571;0.901;0.659;0.93;0.794;0.95;0.892;0.902;0.705;0.521;0.885;0.757;0.945;0.884;0.862;0.559;0.948;0.932;0.849;0.912;0.927;0.906;0.731;0.809;0.811;0.914;0.84;0.757;0.735;0.795;0.839;0.865;0;0.952;0.908;0.584;0.828;0.394;0.594;0.585;0.008;0.757;0.484;0.872;0.714;0.688;0.938;0.893;0.729;0.853;0.722;0.539;0.776;0.204;0.91;0.968;0.936;0.929;0.925;0.861;0.869;0.357;0.001;0.654;0;0.871;0.652;0.946;0.823;0.622;0.912;0.512;0.708;0.971;0.757;0.855;0.712;0.532;0.6;0.416;0.916;0.756;0.66;0.882;0.899;0.826;0.819;0.813;0.436;0.534;0.716;0.93;0.618;0.885;0.878;0.699;0.477;0.66;0.533;0.142;0.296;0.005;0.057;0.54;0.013;0.449;0.513;0.415;0.463;0.532;0.388;0.618;0;0.373;0.184;0.307;0.057;0;0.688;0.198;0.216;0.2;0.286;0.869;0.788;0;0;0.716;0.287;0;0.026;0;0;0;0;0;0;0;0;0;15.225
0.888;0.942;0.927;0.772;0.905;0.935;0.834;0.822;0.173;0.812;0.014;0.658;0.816;0.911;0.854;0.734;0.729;0.922;0.432;0.571;0.942;0.917;0.824;0.321;0.479;0.754;0.806;0.027;0.754;0.856;0.897;0.813;0.075;0.86;0.766;0.764;0.914;0.892;0.807;0.881;0.735;0.589;0.444;0.864;0.661;0.964;0.951;0.94;0.901;0.825;0.231;0.651;0.776;0.648;0.937;0.887;0.857;0.603;0.945;0.882;0.816;0.88;0.928;0.878;0.92;0.82;0.838;0.934;0.806;0.932;0.791;0.813;0.849;0.912;0.413;0.95;0.908;0.671;0.854;0.241;0.799;0.679;0.044;0.753;0.373;0.891;0.759;0.711;0.925;0.917;0.813;0.885;0.758;0.787;0.753;0.142;0.881;0.959;0.942;0.957;0.938;0.837;0.882;0.321;0.053;0.743;0;0.694;0.706;0.923;0.881;0.615;0.93;0.059;0.996;0.986;0.84;0.855;0;0.616;0.508;0.431;0.87;0.305;0.636;0.892;0.866;0.799;0.839;0.829;0.575;0.478;0.685;0.943;0.665;0.813;0.86;0.773;0.517;0.817;0.624;0.1;0.058;0.017;0.012;0.855;0.007;0.535;0.709;0;0.348;0.743;0.692;0.011;0;0.333;0;0.227;0.016;0.477;0.333;0.007;0.173;0.349;0.884;0.375;0.398;0;0;0.137;0;0;0.001;0;0;0;0.741;0;0;0;0;0;16.48074852
0.864;0.927;0.888;0.868;0.912;0.947;0.853;0.881;0.905;0.875;0.927;0.818;0.833;0.863;0.791;0;0.779;0.851;0.685;0.734;0.934;0.887;0.849;0.743;0.155;0.643;0.78;0.495;0.583;0.554;0.527;0.748;0.522;0.911;0.682;0.739;0.953;0.903;0.663;0.872;0.769;0.78;0.745;0.915;0.693;0.948;0.913;0.918;0.904;0.801;0.755;0.451;0.914;0.615;0.936;0.925;0.812;0.468;0.94;0.919;0.825;0.825;0.949;0.881;0.926;0.836;0.886;0.924;0.747;0.869;0.224;0.879;0.886;0.756;0.402;0.966;0.908;0.674;0.862;0.083;0.383;0.001;0;0.859;0.478;0.634;0.364;0.677;0.949;0.64;0.021;0.352;0.758;0.731;0.842;0.202;0.893;0.729;0.92;0.89;0.95;0.73;0.874;0.033;0;0.637;0;0.877;0.737;0.933;0.851;0.213;0.946;0.142;0.555;0.984;0.879;0.854;0.107;0.738;0.653;0.292;0.911;0.635;0.314;0.9;0.886;0.713;0.784;0.781;0.232;0.534;0.567;0.914;0.879;0.868;0.887;0.801;0.586;0.763;0.531;0.079;0;0.077;0.09;0.425;0.814;0.466;0.692;0.598;0.096;0.386;0.45;0;0;0.775;0.288;0.665;0.019;0.091;0.108;0.044;0.11;0.12;0.101;0.335;0.298;0.725;0;0.203;0.421;0.603;0.001;0;0;0;0;0;0;0;0;0;0
0.887;0.932;0.905;0.844;0.894;0.924;0.834;0.903;0.822;0.832;0.932;0.782;0.779;0.858;0.726;0.667;0.717;0.863;0.96;0.061;0.945;0.849;0.892;0.494;0.564;0.626;0.604;0.986;0.702;0.512;0.501;0.202;0.511;0.928;0.04;0.144;0.881;0.848;0.842;0.869;0.742;0.793;0.688;0.904;0.492;0.95;0.836;0.955;0.92;0.816;0.885;0.383;0.923;0.737;0.89;0.897;0.865;0.635;0.932;0.922;0.846;0.916;0.92;0.908;0.92;0.84;0.85;0.899;0.822;0.87;0.794;0.806;0.842;0.702;0.016;0.956;0.915;0.438;0.823;0.785;0.578;0.322;0.128;0.886;0.144;0.896;0.592;0.528;0.945;0.905;0.856;0.893;0.667;0.525;0.795;0.062;0.939;0.914;0.95;0.865;0.925;0.918;0.93;0.555;0.023;0.417;0.052;0.825;0.647;0.955;0.792;0.687;0.916;0.683;0.687;0.947;0.936;0.707;0.145;0.718;0.67;0.265;0.879;0.53;0.718;0.898;0.853;0.872;0.791;0.762;0.508;0.198;0.143;0.926;0.899;0.886;0.889;0.914;0.58;0.756;0.818;0.076;0.023;0.566;0.061;0.457;0.11;0.827;0.464;0.923;0.886;0.528;0.823;0.513;0;0.299;0.211;0.258;0.052;0;0.929;0.511;0;0.001;0;0.865;0.839;0.051;0;0;0.311;0;0;0;0;0;0;0;0;0;0;0;2.42979607
0.881;0.96;0.912;0.775;0.888;0.938;0.847;0.897;0.009;0.904;0;0.761;0.852;0.758;0.841;0.758;0.764;0.858;0.622;0.762;0.909;0.924;0.853;0.443;0.835;0.687;0.788;0.681;0.364;0.168;0.233;0.53;0.875;0.921;0.77;0.769;0.942;0.843;0.832;0.916;0.736;0;0.85;0.88;0.29;0.409;0.873;0.939;0.89;0.842;0.779;0.496;0.91;0.737;0.911;0.873;0.879;0.693;0.955;0.903;0.825;0.866;0.946;0.879;0.896;0.856;0.832;0.919;0.841;0.786;0.817;0.818;0.841;0.869;0.034;0.957;0.886;0.661;0.787;0.574;0.847;0.854;0;0.746;0.453;0.844;0.778;0.819;0.943;0.86;0.788;0.918;0.788;0.785;0.714;0.224;0.91;0.976;0.926;0.942;0.92;0.853;0.907;0.281;0.026;0.743;0.093;0.559;0.658;0.93;0.801;0.994;0.854;0.432;0.997;0.987;0.906;0.817;0.267;0.04;0.753;0.469;0.896;0.549;0.581;0.878;0.844;0.848;0.856;0.771;0.707;0.567;0.582;0.926;0.758;0.836;0.85;0.557;0.484;0.838;0.509;0.517;0.135;0.268;0.004;0.036;0.005;0.478;0.698;0;0.389;0.84;0.61;0.634;0.038;0;0;0;0.131;0;0.361;0;0.108;0.109;0.013;0.754;0.747;0.001;0;0.487;0;0;0;0;0;0;0;0;0;0;0;0;1.002575022
0.87;0.951;0.941;0.818;0.922;0.901;0.9;0.836;0.762;0.843;0.946;0.858;0.891;0.802;0.803;0.757;0.788;0.745;0.804;0.784;0.958;0.923;0.845;0.042;0.69;0.776;0.632;0.497;0.06;0.194;0.649;0.272;0.369;0.75;0.815;0.782;0.949;0.906;0.833;0.838;0.759;0.707;0.503;0.878;0.753;0.965;0.866;0.93;0.865;0.897;0.381;0.315;0.901;0.767;0.947;0.849;0.846;0.589;0.959;0.921;0.823;0.907;0.935;0.836;0.912;0.841;0.88;0.929;0.783;0.85;0.665;0.761;0.847;0.906;0;0.946;0.897;0.567;0.827;0;0.754;0.803;0;0.261;0.324;0.865;0.802;0.838;0.956;0.9;0.737;0.889;0.787;0.745;0.75;0.033;0.864;0.958;0.956;0.95;0.928;0.892;0.89;0.048;0;0.451;0.001;0.785;0.691;0.916;0.89;0.852;0.845;0.389;0.995;0.982;0.819;0.842;0.191;0.667;0.619;0.359;0.893;0.647;0.727;0.873;0.857;0.83;0.83;0.849;0.257;0.499;0.61;0.937;0.579;0.871;0.84;0.759;0.497;0.844;0.65;0.143;0.083;0.584;0.011;0.537;0.02;0.601;0.555;0.404;0.095;0.49;0.647;0.324;0;0.122;0.189;0.096;0.268;0.041;0.612;0.461;0;0.021;0.382;0.921;0.885;0;0;0.076;0.001;0;0;0;0;0;0;0;0;0;0;0;14.11211563
0.888;0.94;0.915;0.818;0.928;0.926;0.874;0.87;0.902;0.888;0.937;0.814;0.795;0.906;0.901;0;0.81;0.904;0;0.759;0.949;0.919;0.862;0.663;0.639;0.642;0.713;0;0.652;0.681;0.543;0.712;0.469;0.891;0.722;0.812;0.944;0.907;0.807;0.928;0.786;0.783;0.607;0.905;0.695;0.976;0.934;0.926;0.872;0.838;0;0.703;0.907;0.649;0.948;0.872;0.84;0.587;0.941;0.896;0.835;0.905;0.937;0.907;0.906;0.824;0.853;0.945;0.849;0.871;0;0.2;0.518;0.903;0.067;0.98;0.937;0.088;0.777;0.19;0.805;0.67;0.112;0.704;0.429;0.87;0.705;0.874;0.951;0.882;0.839;0.892;0.801;0.678;0.731;0.182;0.897;0.961;0.936;0.875;0.961;0.887;0.624;0.007;0.11;0.824;0.487;0.423;0.649;0.92;0.849;0.83;0.958;0.407;0.991;0.954;0.887;0.829;0.015;0.808;0.518;0.345;0.924;0.387;0.677;0.874;0.874;0.799;0.897;0.811;0.122;0.524;0.599;0.916;0.842;0.694;0.881;0.472;0.552;0.8;0.547;0.097;0.814;0.087;0.005;0.46;0.007;0.508;0.719;0.321;0.105;0.448;0.563;0.256;0.027;0.166;0.05;0.126;0.068;0.229;0;0.007;0.959;0.805;0.02;0;0;0;0.068;0.262;0.001;0.166;0;0;0;0;0;0;0;0;0;0;1.80107679
0.832;0.965;0.925;0.806;0.881;0.949;0.875;0.869;0.814;0.805;0.908;0.774;0.726;0.863;0.843;0.748;0.842;0.879;0.727;0.711;0.951;0.905;0.814;0.148;0.452;0.763;0.562;0.076;0.621;0.433;0.382;0.568;0.626;0.853;0.752;0.869;0.949;0.905;0.822;0.897;0.735;0.686;0.673;0.881;0.575;0.964;0.937;0.915;0.831;0.797;0.746;0.822;0.679;0.663;0.945;0.903;0.882;0.535;0.936;0.916;0.82;0.88;0.942;0.836;0.937;0.856;0.879;0.907;0.732;0.896;0.287;0.761;0.767;0.776;0.274;0.965;0.851;0.576;0.807;0.476;0.803;0.72;0.296;0.033;0.343;0.91;0.004;0.825;0.93;0.83;0.271;0.864;0.473;0.447;0.765;0.102;0.929;0.963;0.949;0.842;0.931;0.907;0.86;0.035;0.332;0.552;0;0.886;0.747;0.93;0.863;0.543;0.98;0.929;0.997;0.974;0.846;0.87;0;0.775;0.729;0.516;0.84;0.48;0.645;0.875;0.901;0.658;0.709;0.833;0.064;0.458;0.74;0.94;0.78;0.814;0.86;0.013;0.679;0.695;0.667;0.053;0.001;0.227;0.842;0.282;0.577;0.636;0.525;0.082;0.273;0.445;0.663;0.082;0;0.449;0.118;0.355;0.014;0.586;0.434;0.216;0.001;0;0.141;0.484;0.482;0.008;0.16;0.025;0;0;0.001;0;0.011;0;0;0;0;0;0;0;0
0.882;0.951;0.903;0.843;0.881;0.959;0.861;0.871;0.909;0.842;0.913;0.779;0.796;0.927;0.819;0.47;0.153;0;0;0.905;0.849;0.854;0.878;0.228;0.178;0.865;0.248;0.461;0.463;0.423;0.627;0.944;0.378;0.768;0.482;0.594;0.954;0.861;0.849;0.926;0.752;0.79;0.717;0.906;0.523;0.953;0;0.033;0.764;0.385;0.56;0.604;0.691;0.011;0.914;0.845;0.786;0.68;0.941;0.897;0.846;0.863;0.962;0.879;0.901;0.824;0.879;0.938;0.764;0.87;0.622;0.55;0.967;0;0;0.799;0.808;0.674;0.899;0.517;0.538;0.342;0.028;0.832;0.221;0.932;0.706;0.701;0.943;0.9;0.834;0.93;0.741;0.788;0.745;0.117;0.881;0.82;0.962;0;0.762;0.833;0.903;0;0;0.519;0;0.709;0.042;0.923;0.818;0.229;0.952;0.365;0.591;0.903;0.892;0.889;0.67;0.822;0.652;0.71;0.437;0.578;0.538;0.916;0.882;0.755;0.872;0.365;0.453;0.29;0.769;0.719;0.876;0.52;0.824;0.965;0.49;0.783;0.729;0.077;0.44;0.009;0;0.61;0.073;0.72;0.588;0.201;0.383;0.394;0.589;0.111;0;0.763;0.663;0.584;0.053;0.541;0.723;0.033;0.005;0;0.146;0.762;0;0.001;0.128;0;0.397;0.001;0.001;0.88;0;0;0;0.906;0.85;0.801;0;0;18.68311731
0.827;0.938;0.887;0.867;0.866;0.958;0.816;0.82;0.845;0.837;0.909;0.811;0.799;0.906;0.901;0.649;0.515;0;0.326;0.762;0.748;0.869;0.825;0.522;0.776;0.78;0.361;0.237;0.564;0.542;0.59;0.937;0.435;0.929;0.595;0.661;0.965;0.903;0.844;0.909;0.761;0.659;0.595;0.922;0.136;0.976;0;0.899;0.878;0.299;0.453;0.624;0.456;0.81;0.788;0.892;0.849;0.576;0.931;0.904;0.831;0.845;0.938;0.863;0.869;0.786;0.903;0.916;0.749;0.87;0.625;0.757;0.806;0.757;0.933;0.906;0.855;0.473;0.844;0.776;0.534;0.827;0.99;0.16;0.38;0.909;0.063;0.644;0.92;0.869;0.794;0.914;0.73;0.667;0.786;0.072;0.902;0.487;0.939;0.754;0.972;0.888;0.938;0.404;0.949;0.697;0;0.889;0.794;0.828;0.809;0.918;0.97;0.309;0.602;0.952;0.91;0.963;0.166;0.729;0.593;0.21;0.914;0.581;0.479;0.876;0.848;0.809;0.828;0.395;0.424;0.435;0.512;0.809;0.737;0.92;0.889;0.072;0.598;0.593;0.662;0.003;0.001;0.001;0.711;0.547;0.063;0.49;0.51;0.647;0.344;0.616;0.819;0;0;0.029;0.819;0.017;0.048;0.535;0.013;0.629;0.079;0.01;0.129;0;0;0.004;0;0;0.384;0;0;0;0;0;0;0;0;0;0;0;0
0.852;0.949;0.93;0.83;0.899;0.943;0.899;0.837;0.869;0.834;0.931;0.816;0.787;0.844;0.82;0.702;0.863;0.746;0.869;0.572;0.965;0.91;0.756;0.076;0.252;0.691;0.758;0.45;0.662;0.72;0.714;0.758;0.273;0.883;0.675;0.79;0.958;0.904;0.607;0.843;0.741;0.767;0.66;0.906;0.414;0.698;0.876;0.931;0.876;0.928;0.734;0.381;0.904;0.657;0.936;0.873;0.825;0.595;0.929;0.868;0.843;0.933;0.936;0.807;0.915;0.836;0.853;0.919;0.812;0.849;0.648;0.87;0.925;0.595;0.082;0.966;0.85;0.821;0.872;0.537;0.823;0.8;0.109;0.938;0.398;0.805;0.326;0.315;0.922;0.874;0.676;0.873;0.746;0.708;0.853;0.211;0.83;0.84;0.891;0;0.732;0.975;0.902;0.608;0.149;0.545;0.298;0.195;0.666;0.877;0.846;0.344;0.971;0.099;0.994;0.998;0.888;0.794;0.124;0.718;0.69;0.283;0.828;0.609;0.461;0.835;0.85;0.88;0.827;0.828;0.103;0.457;0.657;0.929;0.596;0.721;0.845;0.833;0.594;0.745;0.56;0.231;0.003;0.076;0.007;0.649;0.072;0.515;0.715;0.118;0.007;0.053;0.903;0.486;0.41;0.615;0.003;0.466;0.217;0;0;0.466;0.009;0.02;0.117;0;0.763;0.009;0;0.025;0.003;0.628;0;0.309;0.803;0;0;0;0;0;0.855;0;1.156446626
0.876;0.95;0.89;0.802;0.868;0.936;0.88;0.858;0.898;0.8;0.915;0.807;0.802;0.854;0.768;0.501;0.833;0.631;0.173;0.89;0.97;0.898;0.816;0.59;0.537;0.919;0;0.351;0.147;0.402;0.609;0.751;0.345;0.965;0.807;0.782;0.942;0.888;0.821;0.893;0.68;0.783;0.463;0.867;0.72;0.958;0.778;0.936;0.925;0.891;0.17;0.357;0.907;0.762;0.935;0.86;0.755;0.708;0.941;0.93;0.809;0.899;0.931;0.881;0.901;0.802;0.848;0.923;0.781;0.815;0.681;0.797;0.825;0.84;0.128;0.958;0.887;0.599;0.827;0.779;0.476;0;0;0.606;0.346;0.834;0.626;0.787;0.928;0.887;0.737;0.874;0.765;0.734;0.705;0.138;0.904;0.976;0.928;0.932;0.918;0.866;0.864;0.142;0.138;0.078;0;0.809;0.612;0.946;0.835;0.644;0.952;0.361;0.558;0.969;0.913;0.839;0.295;0.698;0.73;0.298;0.913;0.719;0.555;0.883;0.868;0.839;0.809;0.626;0.623;0.478;0.653;0.951;0.802;0.836;0.88;0.391;0.664;0.768;0.613;0.1;0.716;0.16;0;0.634;0.053;0.528;0.004;0.251;0.008;0.014;0.686;0.346;0.002;0.352;0.609;0.283;0.254;0.03;0.148;0;0.734;0.769;0;0.576;0.544;0.003;0;0.008;0.422;0.087;0.004;0;0;0;0;0;0;0;0;0.826;0
0.837;0.947;0.931;0.803;0.909;0.948;0.848;0.868;0.783;0.826;0.939;0.796;0.83;0.855;0.802;0.723;0.874;0.87;0.199;0.819;0.976;0.916;0.801;0.258;0.716;0.856;0.183;0;0.533;0.528;0.441;0.864;0.517;0.794;0.481;0.288;0.889;0.881;0.85;0.873;0.779;0.832;0.728;0.9;0.59;0.952;0.852;0.926;0.867;0.85;0.248;0.226;0.911;0.673;0.939;0.851;0.858;0.626;0.914;0.921;0.783;0.899;0.943;0.8;0.902;0.837;0.859;0.923;0.84;0.866;0.789;0.797;0.833;0.891;0.151;0.967;0.908;0.668;0.822;0.39;0.829;0.679;0;0.787;0.388;0.853;0.549;0.594;0.922;0.915;0.787;0.893;0.733;0.737;0.755;0.198;0.906;0.958;0.931;0.957;0.941;0.887;0.896;0.11;0.024;0.617;0.024;0.452;0.689;0.935;0.829;0.879;0.969;0.288;0.991;0.984;0.888;0.753;0;0.825;0.623;0.518;0.897;0.499;0.618;0.859;0.869;0.735;0.866;0.804;0.658;0.502;0.725;0.945;0.808;0.726;0.866;0.631;0.718;0.779;0.582;0.046;0;0.013;0.002;0.451;0.026;0.521;0.715;0.652;0.059;0.089;0.498;0.191;0.295;0.122;0.091;0.091;0.392;0.063;0;0.054;0.366;0.319;0.642;0.117;0.078;0;0;0;0.008;0.687;0.001;0;0.018;0;0;0;0;0;0;0;3.3
0.88;0.951;0.901;0.773;0.869;0.938;0.906;0.873;0.828;0.837;0.921;0.771;0.792;0.836;0.844;0.761;0.83;0.805;0.62;0.579;0.96;0.893;0.842;0.514;0.583;0.749;0.78;0.04;0.478;0.588;0.516;0.793;0.434;0.845;0.654;0.439;0.903;0.886;0.779;0.898;0.79;0.765;0.706;0.866;0.639;0.956;0.904;0.919;0.859;0.808;0.203;0.53;0.804;0.545;0.942;0.889;0.847;0.684;0.934;0.935;0.77;0.878;0.94;0.824;0.936;0.857;0.886;0.932;0.772;0.907;0.745;0.867;0.875;0.658;0;0.978;0.892;0.496;0.851;0.815;0.635;0.686;0.313;0.371;0.456;0.83;0.632;0.622;0.958;0.896;0.643;0.895;0.743;0.678;0.772;0.127;0.95;0.964;0.937;0.79;0.954;0.901;0.938;0.419;0;0.644;0;0.896;0.743;0.939;0.83;0.751;0.957;0.088;0.732;0.953;0.896;0.644;0;0.829;0.571;0.463;0.887;0.593;0.426;0.879;0.883;0.777;0.76;0.485;0.12;0.523;0.707;0.936;0.886;0.899;0.874;0.88;0.685;0.81;0.573;0.053;0;0.052;0.138;0.493;0.08;0.499;0.504;0.259;0.284;0.506;0.706;0;0;0.226;0.764;0.188;0.114;0.359;0.714;0.52;0.02;0.07;0.775;0.691;0.865;0;0.068;0.18;0.258;0;0;0;0;0;0;0;0;0;0;0;4.4
0.867;0.931;0.939;0.831;0.908;0.92;0.874;0.869;0.801;0.85;0.924;0.766;0.83;0.839;0.806;0.73;0.819;0.751;0.405;0.892;0.963;0.89;0.856;0.714;0.407;0.886;0.289;0.423;0.336;0.538;0.466;0.857;0.489;0.884;0.557;0.72;0.949;0.898;0.771;0.904;0.762;0.786;0.702;0.882;0.716;0.945;0.839;0.961;0.914;0.902;0.402;0.51;0.88;0.788;0.954;0.863;0.833;0.58;0.943;0.889;0.83;0.893;0.941;0.837;0.92;0.846;0.842;0.929;0.835;0.876;0.771;0.848;0.651;0.903;0.369;0.973;0.918;0.664;0.819;0.04;0.811;0.444;0;0.18;0.37;0.748;0.539;0.266;0.882;0.881;0.777;0.885;0.782;0.747;0.8;0.268;0.885;0.964;0.938;0.947;0.921;0.823;0.869;0.355;0.116;0.696;0.008;0.465;0.631;0.933;0.883;0.498;0.93;0.336;0.999;0.997;0.89;0.855;0.292;0.724;0.616;0.378;0.943;0.488;0.6;0.864;0.871;0.821;0.777;0.862;0.143;0.339;0.52;0.94;0.784;0.752;0.869;0.645;0.35;0.792;0.648;0.153;0.634;0.029;0.027;0.485;0.238;0.621;0.767;0.718;0.122;0.428;0.523;0.082;0.016;0.47;0.124;0.366;0.043;0.001;0;0.149;0.501;0.413;0.078;0.002;0.14;0.006;0;0;0;0.885;0;0;0;0;0;0;0;0;0;0;17
0.878;0.931;0.905;0.818;0.887;0.949;0.872;0.87;0.824;0.946;0.944;0.82;0.835;0.799;0.857;0.765;0.821;0.792;0.023;0.404;0.952;0.805;0.835;0.417;0.35;0.758;0.686;0.039;0.041;0.057;0.602;0.101;0.464;0.828;0.676;0.655;0.943;0.876;0.823;0.904;0.73;0.813;0.459;0.873;0.676;0.962;0.889;0.931;0.863;0.878;0.03;0.451;0.922;0.756;0.917;0.866;0.844;0.531;0.946;0.879;0.792;0.902;0.934;0.809;0.922;0.876;0.843;0.912;0.797;0.79;0.465;0.508;0.731;0.858;0;0.926;0.89;0.498;0.858;0.285;0.355;0.699;0.001;0.792;0.607;0.844;0.755;0.638;0.918;0.869;0.792;0.883;0.766;0.754;0.741;0.336;0.91;0.074;0.931;0.912;0.949;0.909;0.682;0.09;0;0.673;0;0.888;0.789;0.916;0.816;0.49;0.944;0.236;0.44;0.818;0.879;0.806;0.045;0.765;0.671;0.481;0.912;0.357;0.612;0.866;0.887;0.826;0.845;0.53;0.545;0.653;0.31;0.937;0.765;0.861;0.876;0.756;0.599;0.689;0.392;0.05;0.223;0.81;0.034;0.38;0.012;0.35;0.66;0.804;0.144;0.44;0.643;0.552;0;0.4;0.713;0.249;0.056;0.069;0.592;0.149;0.81;0.408;0.748;0.823;0.422;0;0;0.547;0.522;0.12;0;0;0.014;0;0;0;0;0;0;0;18.8
0.861;0.946;0.899;0.835;0.917;0.946;0.843;0.88;0.824;0.814;0.943;0.807;0.839;0.847;0.835;0.657;0.725;0.766;0.499;0.856;0.95;0.891;0.886;0.181;0.784;0.856;0.064;0.755;0.118;0.064;0.69;0.648;0.239;0.664;0.344;0.682;0.938;0.893;0.796;0.886;0.785;0.798;0.535;0.86;0.672;0.951;0.799;0.964;0.891;0.87;0.789;0.664;0.906;0.785;0.955;0.842;0.827;0.594;0.93;0.922;0.856;0.934;0.906;0.876;0.887;0.832;0.876;0.92;0.784;0.784;0.737;0.869;0.749;0.839;0.235;0.945;0.869;0.609;0.837;0.2;0.614;0.404;0.284;0.846;0.373;0.889;0.569;0.682;0.944;0.9;0.773;0.826;0.722;0.674;0.744;0.205;0.936;0.914;0.94;0.811;0.938;0.868;0.888;0.003;0.337;0.679;0.125;0.723;0.747;0.935;0.84;0.996;0.976;0.418;0.748;0.926;0.906;0.704;0.005;0.811;0.646;0.479;0.839;0.239;0.64;0.893;0.906;0.886;0.829;0.498;0.265;0.485;0.679;0.939;0.815;0.821;0.904;0.652;0.707;0.638;0.541;0.089;0;0.003;0.067;0.686;0.19;0.571;0.651;0.702;0.14;0.548;0.298;0.662;0.066;0.003;0.502;0;0.014;0;0.162;0.117;0;0;0.005;0.459;0.219;0.001;0;0;0.222;0.799;0;0;0.13;0;0;0;0;0;0;0;6.186222127
0.901;0.915;0.898;0.87;0.902;0.894;0.882;0.919;0.883;0.889;0.897;0.847;0.808;0.828;0.866;0.175;0.452;0;0.008;0.9;0.806;0.788;0.83;0.734;0.366;0.628;0.618;0.355;0.288;0.233;0.447;0.902;0.456;0.917;0.674;0.311;0.874;0.875;0.839;0.901;0.705;0.763;0.637;0.896;0.363;0.524;0;0.833;0.849;0.774;0.066;0.745;0.832;0.005;0.899;0.842;0.778;0.631;0.952;0.902;0.82;0.865;0.935;0.894;0.902;0.776;0.855;0.93;0.737;0.823;0.538;0.654;0.792;0.746;0;0.955;0.896;0.479;0.863;0.628;0.63;0.752;0.123;0.767;0.467;0.929;0.696;0.818;0.967;0.888;0.728;0.89;0.777;0.836;0.749;0.219;0.836;0.933;0.963;0.832;0.952;0.907;0.809;0;0;0.713;0;0.899;0.753;0.944;0.78;0.405;0.905;0.577;0.749;0.896;0.903;0.865;0.266;0.515;0.454;0.086;0.935;0.518;0.636;0.903;0.85;0.851;0.803;0.636;0.547;0.532;0.241;0.979;0.87;0.859;0.869;0.837;0.671;0.86;0.483;0.49;0;0.011;0.057;0.532;0.219;0.487;0.639;0.8;0.178;0.725;0.674;0.481;0;0.568;0.479;0.498;0.027;0.755;0.918;0.347;0;0;0;0.861;0.839;0.477;0.06;0;0.248;0.026;0;0;0;0;0;0.793;0;0;0;0;3.121086036
0.905;0.942;0.913;0.857;0.888;0.948;0.889;0.867;0.791;0.865;0.943;0.809;0.762;0.905;0.809;0.652;0.552;0.78;0.41;0.916;0.959;0.885;0.852;0.755;0.822;0.833;0.573;0.42;0.368;0;0.591;0.353;0.373;0.902;0.684;0.235;0.925;0.864;0.8;0.906;0.729;0.85;0.508;0.903;0.711;0.945;0.85;0.942;0.886;0.881;0.39;0.625;0.919;0.671;0.95;0.836;0.765;0.644;0.936;0.937;0.833;0.895;0.937;0.878;0.926;0.806;0.836;0.929;0.82;0.819;0.658;0.838;0.812;0.81;0.379;0.949;0.892;0.546;0.85;0.415;0.666;0.148;0.418;0.876;0.478;0.767;0.312;0.595;0.941;0.878;0.654;0.834;0.737;0.71;0.846;0.239;0.857;0.96;0.956;0.92;0.918;0.868;0.936;0.112;0.406;0.589;0;0.904;0.737;0.939;0.847;0.993;0.95;0.52;0.8;0.915;0.814;0.726;0.224;0.658;0.668;0.482;0.706;0.676;0.693;0.89;0.865;0.808;0.841;0.231;0.876;0.549;0.803;0.914;0.82;0.834;0.86;0.808;0.468;0.838;0.478;0.104;0.154;0.004;0.079;0.613;0.571;0.467;0.768;0.219;0.157;0.025;0.683;0.091;0;0;0.764;0;0.037;0;0.301;0.048;0.079;0.096;0;0.256;0.329;0.003;0;0.679;0.115;0.847;0.024;0;0.002;0;0;0;0;0;0;0;6
0.857;0.959;0.933;0.795;0.899;0.945;0.914;0.873;0.834;0.787;0.913;0.802;0.763;0.785;0.838;0.575;0.709;0.776;0.082;0.69;0.966;0.932;0.837;0.18;0.81;0.823;0.201;0;0.806;0.399;0.568;0.777;0.395;0.451;0.17;0;0.928;0.892;0.732;0.917;0.678;0.796;0.658;0.896;0.605;0.956;0.935;0.887;0.808;0.738;0.011;0.061;0.697;0.601;0.919;0.855;0.835;0.634;0.94;0.942;0.83;0.897;0.926;0.869;0.918;0.837;0.864;0.918;0.787;0.83;0.832;0.851;0.847;0.783;0;0.951;0.877;0.595;0.87;0.692;0.827;0.674;0.098;0.765;0.472;0.89;0.629;0;0.907;0.884;0.836;0.88;0.67;0.666;0.79;0.312;0.899;0.922;0.93;0.873;0.958;0.904;0;0.667;0;0.572;0;0.916;0.771;0.958;0.806;0.996;0.976;0.162;0.986;0.926;0.815;0.801;0;0.618;0.691;0.598;0;0.502;0.649;0.893;0.892;0.862;0.848;0.597;0.534;0.538;0.78;0.921;0.811;0.867;0.89;0.79;0.616;0.818;0.501;0.027;0.063;0.011;0.07;0.505;0.016;0.479;0.499;0.256;0.475;0.382;0.688;0.823;0;0.003;0.53;0;0.337;0.497;0.78;0.051;0.486;0.23;0.783;0.91;0.947;0.001;0.038;0;0;0.193;0;0;0.001;0;0;0;0;0;0;0;6.605565113
0.842;0.947;0.933;0.82;0.902;0.916;0.841;0.87;0.871;0.93;0.947;0.839;0.827;0.753;0.865;0;0.245;0.901;0.6;0.656;0.958;0.89;0.816;0.17;0.786;0.7;0.73;0.311;0.134;0.2;0.605;0.208;0.691;0.816;0.815;0;0.905;0.849;0.818;0.862;0.78;0.718;0.612;0.9;0.604;0.965;0.951;0.929;0.902;0.875;0.372;0.481;0.675;0.686;0.931;0.872;0.805;0.661;0.953;0.917;0.84;0.908;0.92;0.904;0.895;0.861;0.881;0.922;0.772;0.818;0.52;0.503;0.726;0.789;0.992;0.97;0.903;0.601;0.849;0.782;0.509;0.594;0.969;0.776;0.512;0.928;0.575;0;0.879;0.894;0.796;0.837;0.749;0.714;0.776;0.289;0.895;0.958;0.921;0.872;0.963;0.922;0;0.782;0.952;0.562;0;0.911;0.794;0.933;0.87;0.999;0.969;0.117;0.635;0.939;0.864;0.676;0.123;0.777;0.7;0.566;0;0.748;0.333;0.922;0.881;0.835;0.864;0.609;0.424;0.557;0.77;0.951;0.861;0.909;0.906;0.854;0.537;0.781;0.474;0.035;0.001;0.688;0.085;0.222;0.046;0.451;0.399;0.13;0.71;0.412;0.669;0.339;0;0;0.536;0.001;0.036;0.515;0.104;0.39;0.233;0.124;0;0;0;0.002;0;0.65;0.362;0;0;0;0;0;0;0;0;0;0;0;1.7
0.897;0.936;0.928;0.824;0.872;0.937;0.872;0.87;0.619;0.77;0.926;0.811;0.781;0.884;0.753;0.796;0.722;0.882;0.327;0.668;0.979;0.914;0.776;0.147;0.825;0.895;0.334;0;0.187;0.274;0.58;0.723;0.375;0.595;0.467;0.159;0.886;0.693;0.77;0.879;0.734;0.835;0.6;0.895;0.48;0.855;0.955;0.948;0.895;0.678;0.174;0.131;0.195;0.648;0.948;0.877;0.839;0.592;0.972;0.925;0.819;0.92;0.945;0.872;0.923;0.868;0.912;0.896;0.777;0.899;0.967;0.906;0.882;0.816;0.283;0.971;0.963;0.524;0.76;0.65;0.529;0;0.3;0.817;0.986;0.564;0.196;0.697;0.958;0.914;0.86;0.937;0.675;0.56;0.824;0.538;0.896;0.488;0.932;0.955;0.954;0.867;0.939;0.15;0.001;0.197;0.179;0.664;0.727;0.928;0.895;0.995;0.993;0.227;0.642;0.982;0.892;0.688;0;0.771;0.537;0.566;0.814;0.471;0.621;0.903;0.882;0.644;0.729;0.796;0.042;0.915;0.87;0.946;0.727;0.871;0.891;0.882;0.592;0.821;0.248;0.12;0;0.069;0.261;0.588;0.81;0.003;0.529;0.005;0.331;0.539;0.397;0;0.147;0;0.038;0;0.289;0.838;0.593;0.028;0.101;0.211;0.518;0.283;0.556;0.679;0.867;0;0.356;0;0;0;0;0;0;0;0;0;0;0;3.987767469
0.865;0.947;0.911;0.854;0.934;0.947;0.857;0.888;0.941;0.943;0.951;0.829;0.824;0.857;0.78;0.682;0.779;0.728;0.51;0.829;0.968;0.897;0.86;0.106;0.053;0.844;0.738;0.562;0.432;0.571;0.469;0.803;0.556;0.918;0.685;0.673;0.942;0.904;0.825;0.908;0.732;0.828;0.828;0.882;0.658;0.931;0.803;0.956;0.931;0.92;0.522;0.68;0.925;0.721;0.949;0.859;0.818;0.615;0.946;0.92;0.843;0.915;0.906;0.84;0.896;0.869;0.833;0.928;0.745;0.857;0.683;0.784;0.754;0.767;0.521;0.921;0.914;0.391;0.868;0.352;0.494;0.817;0.173;0.755;0.593;0.925;0.266;0.636;0.931;0.892;0.807;0.894;0.758;0.741;0.803;0.273;0.854;0.615;0.922;0.869;0.948;0.885;0.921;0.314;0.156;0.698;0;0.929;0.791;0.917;0.813;0.063;0.929;0.412;0.745;0.784;0.905;0.837;0.387;0.837;0.552;0.371;0.926;0.502;0.713;0.904;0.86;0.832;0.801;0.231;0.411;0.627;0.739;0.935;0.774;0.882;0.867;0.911;0.273;0.765;0.418;0.084;0.475;0.093;0.26;0.409;0.024;0.352;0.632;0.531;0.455;0.486;0.516;0.157;0;0.935;0.663;0.74;0.024;0.002;0.747;0.087;0.448;0.418;0.039;0.365;0.357;0;0;0.658;0.202;0.428;0;0;0;0;0;0;0;0;0;0;2.7
0.869;0.945;0.921;0.836;0.91;0.933;0.884;0.849;0.846;0.874;0.915;0.77;0.708;0.851;0.797;0.754;0.828;0.535;0.095;0.896;0.966;0.878;0.86;0.704;0.352;0.914;0.279;0.244;0.313;0.327;0.33;0.684;0.692;0.865;0.769;0.828;0.963;0.898;0.778;0.901;0.765;0.826;0.692;0.865;0.734;0.922;0.759;0.952;0.922;0.888;0.046;0.524;0.93;0.692;0.939;0.872;0.896;0.655;0.947;0.912;0.845;0.906;0.937;0.863;0.923;0.768;0.836;0.939;0.784;0.823;0.806;0.779;0.869;0.889;0.133;0.977;0.881;0.805;0.806;0.185;0.811;0.375;0;0.798;0.485;0.827;0.447;0.859;0.949;0.917;0.818;0.854;0.787;0.783;0.727;0.27;0.925;0.98;0.928;0.937;0.953;0.921;0.809;0.104;0.207;0.764;0.555;0.227;0.756;0.922;0.82;0.404;0.942;0.329;0.996;0.996;0.913;0.854;0.741;0.719;0.69;0.279;0.942;0.576;0.615;0.878;0.865;0.854;0.821;0.811;0.754;0.542;0.57;0.945;0.804;0.64;0.91;0.53;0.63;0.751;0.531;0.151;0.797;0.095;0;0.293;0.261;0.414;0.804;0.611;0.002;0.128;0.552;0.676;0.3;0.561;0.002;0.463;0.043;0.003;0;0.116;0.823;0.765;0;0.237;0.137;0.029;0;0;0;0.222;0.003;0;0;0;0;0;0;0;0;0;9.005524559
0.9;0.955;0.922;0.841;0.915;0.934;0.898;0.909;0.912;0.931;0.93;0.818;0.787;0.932;0.805;0.236;0.743;0.645;0;0.394;0.956;0.87;0.863;0.718;0.678;0.748;0.662;0.052;0.535;0.028;0.572;0.04;0.482;0.948;0.369;0.826;0.958;0.853;0.747;0.93;0.697;0.815;0.834;0.864;0.663;0.857;0.744;0.97;0.936;0.875;0;0.546;0.833;0.791;0.928;0.823;0.841;0.646;0.935;0.901;0.863;0.896;0.943;0.912;0.901;0.744;0.85;0.879;0.839;0.914;0.525;0.562;0.73;0.84;0.31;0.952;0.906;0.467;0.819;0;0.608;0.495;0.351;0.415;0.566;0.729;0.441;0.822;0.936;0.876;0.799;0.92;0.659;0.605;0.698;0.153;0.932;0.379;0.935;0.885;0.966;0.929;0.924;0.355;0.353;0.381;0;0.865;0.739;0.905;0.824;0.802;0.957;0.137;0.766;0.935;0.923;0.806;0.423;0.786;0.735;0.298;0.899;0.568;0.606;0.879;0.838;0.805;0.855;0.453;0.206;0.529;0.669;0.937;0.831;0.882;0.873;0.874;0.705;0.29;0.404;0.215;0.955;0.014;0.116;0.605;0.249;0.394;0.556;0.368;0.292;0.333;0.424;0;0;0.153;0.621;0.105;0.043;0;0.154;0.244;0.951;0.934;0.001;0.124;0.109;0.074;0;0.685;0.203;0.012;0.405;0;0;0;0;0;0;0;0;0;6
0.871;0.932;0.917;0.855;0.928;0.924;0.857;0.871;0.889;0.895;0.937;0.799;0.89;0.713;0.838;0.624;0.705;0.819;0.467;0.489;0.942;0.908;0.866;0.337;0.035;0.831;0.812;0.451;0.647;0.675;0.509;0.761;0.591;0.844;0.705;0.725;0.946;0.917;0.807;0.858;0.782;0.812;0.738;0.931;0.228;0.309;0.867;0.932;0.864;0.845;0.529;0.358;0.904;0.683;0.935;0.87;0.804;0.41;0.919;0.866;0.843;0.861;0.948;0.853;0.897;0.853;0.855;0.947;0.797;0.797;0.822;0.781;0.85;0.905;0.017;0.969;0.913;0.665;0.814;0.034;0.767;0.783;0;0.793;0.475;0.809;0.73;0.776;0.948;0.923;0.796;0.896;0.774;0.761;0.753;0.233;0.911;0.971;0.933;0.971;0.938;0.87;0.878;0.412;0.023;0.686;0.336;0.339;0.719;0.936;0.81;0.045;0.901;0.586;0.982;0.992;0.877;0.766;0.106;0.781;0.634;0.522;0.817;0.541;0.386;0.882;0.865;0.836;0.855;0.855;0.764;0.567;0.497;0.928;0.838;0.74;0.902;0.372;0.572;0.823;0.544;0.514;0.029;0.067;0.001;0.356;0.002;0.442;0.773;0.754;0.1;0.371;0.495;0.793;0.421;0.952;0.014;0.714;0.12;0.022;0.006;0.009;0.002;0.001;0;0.485;0.58;0;0;0.45;0;0.54;0;0;0.015;0;0;0;0;0;0;0;3.07086974
0.888;0.944;0.912;0.84;0.901;0.929;0.887;0.914;0.851;0.89;0.939;0.784;0.795;0.856;0.866;0.316;0.092;0.876;0.03;0.478;0.939;0.901;0.862;0.786;0.811;0.808;0.299;0.01;0.395;0.318;0.397;0.299;0.726;0.666;0.32;0.087;0.887;0.883;0.798;0.867;0.731;0.792;0.529;0.905;0.362;0.505;0.921;0.943;0.858;0.875;0.246;0.003;0.848;0.744;0.954;0.815;0.764;0.636;0.94;0.948;0.813;0.886;0.934;0.908;0.881;0.829;0.863;0.933;0.804;0.885;0.761;0.796;0.823;0.842;0.106;0.966;0.951;0.713;0.765;0;0.823;0.085;0.001;0.58;0.471;0.635;0.505;0.774;0.948;0.877;0.718;0.906;0.762;0.76;0.787;0.171;0.941;0.062;0.938;0.971;0.958;0.898;0.859;0.129;0.124;0.574;0.72;0.319;0.74;0.905;0.867;0.997;0.977;0.006;0.996;0.991;0.876;0.441;0;0.751;0.723;0.564;0.882;0.418;0.811;0.874;0.881;0.869;0.827;0.817;0.08;0.479;0.736;0.904;0.823;0.752;0.877;0.624;0.767;0.584;0.521;0.449;0;0.313;0.017;0.224;0.412;0.487;0.347;0.365;0.027;0.004;0.323;0.205;0;0;0.019;0;0.829;0.122;0.417;0.022;0;0;0;0.518;0.453;0.225;0;0.35;0.001;0.004;0;0;0;0;0;0;0;0;0;0;12.20656845
0.906;0.927;0.88;0.827;0.859;0.933;0.92;0.841;0.854;0.834;0.907;0.825;0.826;0.91;0.824;0.401;0.396;0.804;0.368;0.827;0.927;0.891;0.879;0.792;0.698;0.757;0.524;0.694;0.23;0.065;0.355;0.083;0.663;0.766;0.664;0.247;0.912;0.836;0.801;0.836;0.74;0.785;0.7;0.875;0.778;0.931;0.828;0.964;0.909;0.851;0.366;0.611;0.928;0.763;0.919;0.848;0.86;0.808;0.942;0.943;0.828;0.935;0.925;0.838;0.884;0.895;0.949;0.929;0.839;0.815;0.753;0.829;0.863;0.892;0;0.965;0.907;0.604;0.815;0.784;0.66;0.838;0;0.757;0.434;0.85;0.786;0.752;0.95;0.905;0.498;0.889;0.72;0.663;0.757;0.161;0.937;0.98;0.941;0.965;0.933;0.884;0.786;0.083;0;0.769;0.06;0.455;0.716;0.933;0.827;0.874;0.895;0.881;0.766;0.986;0.914;0.695;0.076;0.628;0.616;0.375;0.807;0.608;0.556;0.863;0.891;0.854;0.787;0.624;0.61;0.516;0.566;0.932;0.783;0.805;0.869;0.536;0.559;0.782;0.58;0.202;0.009;0.036;0.016;0.342;0.012;0.501;0.476;0.706;0.57;0.671;0.695;0.562;0.093;0.103;0.168;0.078;0.015;0;0.232;0.495;0;0;0.719;0.694;0.727;0;0;0.099;0.23;0;0.135;0;0;0;0;0;0;0;0;0;5.3
0.83;0.943;0.901;0.708;0.91;0.923;0.892;0.91;0.927;0.932;0.907;0.912;0.781;0.84;0.799;0.819;0.834;0.838;0.521;0.601;0.952;0.929;0.816;0.783;0.698;0.765;0.803;0.045;0.53;0.573;0.509;0.775;0.497;0.899;0.578;0.53;0.916;0.899;0.734;0.895;0.802;0.827;0.807;0.905;0.392;0.577;0.926;0.923;0.874;0.836;0.158;0.047;0.904;0.605;0.921;0.882;0.854;0.608;0.949;0.921;0.819;0.904;0.887;0.891;0.927;0.827;0.882;0.945;0.876;0.793;0.748;0.799;0.777;0.894;0.256;0.934;0.856;0.699;0.838;0.513;0.606;0.518;0;0.147;0.524;0.755;0.587;0.731;0.937;0.894;0.527;0.892;0.739;0.716;0.729;0.101;0.905;0.963;0.957;0.944;0.921;0.799;0.893;0.004;0.126;0.53;0.004;0.567;0.66;0.923;0.735;0.805;0.954;0.001;0.778;0.821;0.917;0.787;0.018;0.425;0.684;0.465;0.9;0.635;0.579;0.838;0.849;0.83;0.864;0.473;0.196;0.588;0.746;0.94;0.771;0.786;0.872;0.437;0.608;0.671;0.483;0.365;0.021;0.041;0.005;0.451;0.333;0.289;0.562;0.366;0.061;0.281;0.544;0.721;0.012;0.169;0.028;0.129;0.549;0.491;0;0.024;0.044;0.1;0.659;0.541;0.306;0.007;0;0.566;0.187;0.863;0;0;0.365;0;0;0;0;0;0;0;8.25683704
0.833;0.933;0.936;0.823;0.909;0.939;0.839;0.849;0.914;0.877;0.938;0.789;0.843;0.818;0.838;0.864;0.803;0.873;0.407;0.432;0.965;0.936;0.797;0.475;0.79;0.837;0.598;0;0.645;0.701;0.562;0.764;0.424;0.745;0.697;0.738;0.948;0.913;0.812;0.929;0.768;0.77;0.634;0.908;0.05;0.202;0.956;0.962;0.854;0.651;0.279;0.216;0.238;0.726;0.925;0.898;0.849;0.534;0.942;0.931;0.795;0.889;0.937;0.885;0.884;0.836;0.826;0.919;0.824;0.823;0.06;0.31;0.782;0.863;0.225;0.972;0.934;0.619;0.793;0;0.772;0;0.253;0.185;0.692;0.673;0.58;0.792;0.911;0.862;0.759;0.87;0.729;0.599;0.814;0.075;0.889;0.907;0.908;0.933;0.922;0.914;0.606;0;0.207;0.481;0.01;0.873;0.637;0.896;0.872;0.991;0.981;0.598;0.994;0.995;0.843;0.833;0;0.749;0.823;0.574;0.904;0.503;0.724;0.922;0.877;0.706;0.844;0.839;0.081;0.703;0.84;0.944;0.553;0.844;0.847;0.829;0.481;0.686;0.277;0.57;0.02;0.043;0.088;0.497;0.465;0.311;0.409;0.008;0.191;0.389;0.444;0;0.003;0;0.171;0;0.404;0.627;0.282;0.01;0.192;0.198;0.766;0.13;0.098;0;0.719;0.346;0;0.112;0.001;0;0;0;0;0;0;0;0;0;8.099500441
0.86;0.944;0.901;0.866;0.897;0.943;0.89;0.892;0.8;0.842;0.928;0.787;0.763;0.898;0.862;0.637;0.492;0.835;0.389;0.676;0.939;0.941;0.842;0.433;0.757;0.761;0.525;0.424;0.028;0.034;0.684;0.064;0.41;0.809;0.826;0.404;0.929;0.864;0.842;0.893;0.756;0.647;0.769;0.829;0.216;0.32;0.901;0.962;0.901;0.795;0.483;0.287;0.904;0.768;0.922;0.769;0.718;0.775;0.934;0.921;0.824;0.895;0.894;0.926;0.902;0.605;0.874;0.917;0.895;0.858;0.807;0.81;0.837;0.885;0.085;0.904;0.928;0.51;0.82;0.122;0.443;0.232;0.002;0.306;0.573;0.582;0.396;0.776;0.927;0.904;0.856;0.906;0.771;0.443;0.783;0.22;0.931;0.936;0.937;0.94;0.917;0.859;0.909;0.408;0.006;0.765;0.004;0.757;0.776;0.896;0.826;0.938;0.967;0.326;0.617;0.764;0.904;0.663;0.182;0.819;0.75;0.362;0.663;0.28;0.577;0.856;0.924;0.801;0.822;0.326;0.243;0.651;0.843;0.902;0.599;0.828;0.866;0.803;0.38;0.457;0.343;0.577;0.357;0.052;0.113;0.648;0.119;0.461;0.673;0.076;0.167;0.218;0.586;0.264;0;0.061;0.099;0.041;0.059;0;0.628;0.082;0.013;0.006;0.482;0.761;0.67;0.003;0;0.001;0.208;0.13;0.835;0;0;0;0;0;0;0;0;0;4.628837544
0.791;0.918;0.816;0.836;0.918;0.939;0.848;0.853;0.693;0.827;0.917;0.812;0.875;0.755;0.79;0.521;0.832;0.78;0.984;0.016;0.96;0.837;0.805;0.848;0.83;0.755;0.728;0.858;0.023;0.198;0;0.006;0;0.951;0.014;0.761;0.92;0.866;0.793;0.892;0.766;0.634;0.291;0.906;0.442;0.937;0.806;0.84;0.876;0.773;0.928;0.44;0.099;0.78;0.926;0.909;0.84;0.441;0.954;0.923;0.808;0.862;0.943;0.892;0.907;0.668;0.866;0.649;0.735;0.863;0.889;0.778;0.813;0.612;0;0.982;0.903;0.491;0.877;0.752;0.688;0.518;0.12;0.014;0;0.884;0.797;0.799;0.961;0.851;0.229;0.807;0.741;0.742;0.845;0;0.86;0.937;0.939;0.795;0.934;0.959;0.879;0.276;0;0.594;0;0.874;0.751;0.945;0.87;0.98;0.989;0;0.819;0.892;0.872;0.707;0;0.707;0.681;0.529;0.841;0.176;0.727;0.891;0.861;0.783;0.679;0.316;0.041;0;0.741;0.971;0.885;0.8;0.841;0.919;0.502;0.653;0;0.041;0.116;0.64;0.105;0;0.139;0;0.463;0.059;0.414;0.487;0.69;0;0;0.001;0.828;0;0;0.19;0.945;0.351;0;0;0.133;0.959;0.943;0;0;0.283;0.157;0.02;0.137;0;0;0;0;0;0;0;0;0;1.933333333
0.814;0.964;0.919;0.847;0.889;0.93;0.884;0.891;0.872;0.766;0.921;0.813;0.822;0.817;0.773;0.722;0.861;0.892;0.196;0.767;0.965;0.92;0.826;0.084;0.194;0.567;0.322;0.001;0.028;0.007;0;0.015;0;0.284;0.162;0.506;0.85;0.872;0.799;0.903;0.76;0.874;0.739;0.853;0.518;0.882;0.943;0.955;0.735;0.903;0.069;0.297;0.895;0.813;0.911;0.805;0.81;0.689;0.909;0.901;0.816;0.921;0.929;0.927;0.872;0.692;0.866;0.91;0.821;0.753;0.687;0.651;0.861;0.369;0.585;0.923;0.845;0.607;0.84;0.774;0.674;0.13;0.591;0.043;0.02;0.817;0.847;0.69;0.926;0.87;0.788;0.887;0.761;0.748;0.864;0.678;0.941;0.622;0.958;0.597;0.931;0.692;0.894;0.209;0.54;0.538;0;0.891;0.602;0.929;0.821;0.246;0.987;0.179;0.807;0.938;0.887;0.742;0.102;0.843;0.746;0.297;0.914;0.718;0.383;0.882;0.938;0.862;0.777;0.496;0.12;0;0.68;0.932;0.93;0.874;0.875;0.911;0.506;0.647;0.004;0.073;0.227;0.045;0.069;0.002;0.185;0;0.48;0.318;0.766;0.729;0.852;0.689;0;0.702;0.636;0.564;0.197;0;0.504;0.635;0.352;0.528;0;0.362;0.348;0.045;0;0.042;0.179;0.295;0.231;0;0;0;0;0;0;0;0;0;2.339005963
0.91;0.92;0.927;0.781;0.876;0.947;0.897;0.875;0.867;0.793;0.906;0.698;0.874;0.738;0.779;0.046;0.832;0.819;0.859;0.748;0.94;0.854;0.862;0.359;0.615;0.836;0.782;0.071;0.118;0.03;0;0.298;0;0.858;0.665;0.832;0.925;0.883;0.663;0.869;0.76;0.8;0.24;0.941;0.342;0.461;0.907;0.923;0.898;0.851;0.505;0.551;0.822;0.687;0.934;0.926;0.827;0.447;0.94;0.929;0.801;0.893;0.931;0.893;0.861;0.741;0.884;0.941;0.784;0.805;0.748;0.816;0.772;0.838;0.109;0.939;0.907;0.568;0.838;0.437;0.793;0.53;0.001;0.025;0;0.624;0.241;0.513;0.909;0.887;0.779;0.872;0.734;0.8;0.838;0;0.907;0.489;0.931;0.843;0.965;0.908;0.913;0.141;0.03;0.241;0;0.786;0.787;0.918;0.818;0.74;0.957;0.036;0.993;0.924;0.758;0.886;0;0.816;0.611;0.213;0.76;0.536;0.513;0.913;0.879;0.875;0.803;0.763;0.04;0;0.751;0.938;0.78;0.854;0.895;0.863;0.764;0.667;0;0.443;0.003;0.435;0.031;0;0.043;0;0.339;0.232;0.171;0.163;0.338;0.662;0;0.254;0.204;0.178;0.158;0.644;0.436;0.019;0.021;0.023;0.001;0.6;0.481;0;0;0.446;0;0.812;0;0;0.004;0;0;0;0;0;0;0;0.9
0.883;0.958;0.931;0.792;0.868;0.935;0.936;0.859;0.814;0.858;0.913;0.83;0.856;0.771;0.849;0.723;0.836;0.899;0.567;0.659;0.945;0.911;0.89;0.8;0.038;0.654;0.725;0.456;0.164;0.075;0;0.212;0;0.793;0.742;0.702;0.939;0.901;0.851;0.873;0.721;0.851;0.706;0.868;0.803;0.963;0.94;0.93;0.832;0.807;0.616;0.221;0.825;0.708;0.925;0.829;0.86;0.651;0.929;0.918;0.824;0.882;0.923;0.907;0.908;0.72;0.896;0.925;0.828;0.794;0.826;0.766;0.826;0.78;0.727;0.94;0.91;0.468;0.85;0.137;0.815;0.719;0.772;0.487;0;0.929;0.552;0.719;0.953;0.913;0.818;0.876;0.76;0.724;0.791;0;0.889;0.578;0.95;0.893;0.918;0.877;0.922;0.501;0.722;0.747;0;0.881;0.763;0.964;0.784;0.045;0.954;0.308;0.994;0.836;0.864;0.834;0;0.595;0.589;0.515;0.898;0.627;0.445;0.825;0.869;0.841;0.785;0.805;0.002;0;0.668;0.931;0.819;0.866;0.842;0.655;0.391;0.787;0;0.119;0;0.632;0.279;0;0.066;0;0.282;0.705;0.683;0.736;0.835;0.626;0;0.949;0.202;0.806;0.245;0.19;0.279;0.816;0.002;0.036;0.215;0.227;0.237;0.207;0;0.07;0.002;0;0;0;0;0;0;0;0;0;0;0;1.2
0.889;0.938;0.912;0.793;0.844;0.965;0.914;0.839;0.776;0.878;0.936;0.796;0.783;0.835;0.864;0.34;0.117;0;0.001;0.886;0.918;0.874;0.881;0.641;0.387;0.836;0.321;0.373;0.002;0.02;0.495;0.001;0.399;0.479;0.359;0.692;0.919;0.862;0.767;0.889;0.713;0.671;0.656;0.926;0.333;0.431;0;0.945;0.933;0.684;0.606;0.301;0.846;0.01;0.922;0.847;0.779;0.617;0.941;0.917;0.802;0.911;0.937;0.855;0.883;0.834;0.889;0.907;0.822;0.917;0.812;0.898;0.878;0.859;0.162;0.954;0.89;0.651;0.853;0.443;0.804;0.354;0.432;0.103;0.403;0.815;0.713;0.889;0.945;0.909;0.726;0.925;0.73;0.746;0.703;0.019;0.881;0.957;0.947;0.947;0.925;0.77;0.907;0.097;0.209;0.757;0;0.914;0.569;0.909;0.813;0.527;0.855;0.068;0.998;0.961;0.89;0.885;0.011;0.629;0.419;0.801;0.917;0.188;0.785;0.84;0.879;0.724;0.825;0.81;0.115;0.556;0.278;0.885;0.707;0.87;0.88;0.815;0.655;0.717;0.452;0.529;0.195;0.376;0.027;0.488;0.085;0.411;0.438;0.526;0.557;0.783;0.647;0;0;0.367;0.086;0.343;0.422;0.248;0.362;0.592;0.158;0;0.091;0.595;0.531;0.804;0.011;0.25;0;0.018;0;0;0.005;0;0;0.679;0;0;0;0;21.3
0.889;0.935;0.947;0.84;0.924;0.926;0.863;0.877;0.873;0.929;0.923;0.799;0.86;0.793;0.798;0.675;0.774;0.626;0.871;0.551;0.946;0.865;0.876;0.753;0.568;0.837;0.721;0.91;0.396;0.426;0.323;0.487;0.716;0.925;0.439;0.713;0.952;0.909;0.812;0.888;0.755;0.817;0.655;0.927;0.193;0.25;0.777;0.964;0.919;0.897;0.892;0.652;0.914;0.761;0.915;0.887;0.823;0.516;0.936;0.912;0.8;0.87;0.929;0.85;0.906;0.649;0.865;0.902;0.746;0.792;0.743;0.8;0.87;0.688;0;0.965;0.889;0.668;0.827;0.301;0.722;0.664;0.08;0.856;0.209;0.912;0.654;0.645;0.96;0.869;0.701;0.832;0.702;0.646;0.787;0.104;0.904;0.82;0.94;0.814;0.963;0.897;0.918;0.62;0;0.624;0;0.897;0.752;0.946;0.847;0.657;0.938;0.865;0.865;0.96;0.834;0.785;0.56;0.716;0.586;0.33;0.928;0.521;0.579;0.883;0.873;0.832;0.773;0.712;0.522;0.213;0.536;0.957;0.889;0.909;0.892;0.912;0.359;0.839;0.793;0.625;0.131;0.401;0.068;0.245;0.049;0.755;0.235;0.607;0.254;0.68;0.802;0.652;0;0.324;0.559;0.286;0.033;0;0.987;0.819;0.072;0.064;0.167;0.965;0.952;0;0;0.663;0.131;0.019;0.001;0;0;0;0;0;0;0;0;0;3.416748137
0.858;0.959;0.923;0.84;0.895;0.956;0.884;0.866;0.87;0.831;0.909;0.746;0.805;0.85;0.774;0.722;0.781;0.763;0.496;0.892;0.932;0.893;0.839;0.749;0.043;0.895;0.648;0.538;0.484;0.618;0.684;0.86;0.313;0.92;0.483;0.512;0.951;0.904;0.801;0.925;0.784;0.76;0.823;0.901;0.103;0.177;0.836;0.957;0.927;0.893;0.489;0.331;0.921;0.738;0.926;0.893;0.848;0.575;0.953;0.891;0.793;0.865;0.955;0.906;0.904;0.84;0.816;0.904;0.806;0.878;0.721;0.794;0.936;0;0.242;0.738;0.841;0.567;0.845;0.397;0.332;0.256;0.327;0.778;0.297;0.896;0.789;0.718;0.944;0.909;0.849;0.921;0.637;0.587;0.75;0.149;0.935;0.926;0.857;0.001;0.942;0.877;0.909;0.249;0.278;0.605;0;0.559;0.896;0.857;0.85;0.063;0.923;0.566;0.385;0.868;0.843;0.835;0.426;0.797;0.8;0.414;0.935;0.554;0.621;0.881;0.885;0.784;0.882;0.47;0.423;0.365;0.592;0.927;0.867;0.527;0.888;0.792;0.285;0.778;0.679;0.711;0.527;0.032;0;0.657;0.12;0.657;0.578;0.582;0.011;0.424;0.595;0.112;0;0.914;0.546;0.727;0.033;0;0.671;0.131;0.475;0.481;0.002;0.621;0.558;0;0;0;0.6;0.004;0.002;0;0;0;0;0;0;0;0;0;1.882466531
0.889;0.949;0.904;0.808;0.881;0.928;0.839;0.833;0.776;0.754;0.478;0.719;0.87;0.873;0.77;0.458;0.764;0.707;0.734;0.876;0.946;0.917;0.858;0.712;0.868;0.761;0.4;0.941;0.513;0.511;0.419;0.835;0.578;0.953;0.369;0.821;0.931;0.9;0.787;0.852;0.748;0.289;0.772;0.867;0.806;0.937;0.801;0.954;0.935;0.742;0.869;0.56;0.869;0.725;0.93;0.893;0.833;0.611;0.939;0.909;0.807;0.913;0.95;0.839;0.867;0.877;0.929;0.939;0.818;0.864;0.293;0.542;0.76;0.849;0.216;0.946;0.906;0.662;0.819;0.641;0.787;0.928;0;0.896;0.518;0.889;0.643;0.481;0.911;0.853;0.624;0.871;0.77;0.794;0.811;0.203;0.928;0.244;0.947;0.938;0.928;0.901;0.893;0.266;0;0.393;0;0.564;0.733;0.942;0.86;0.997;0.893;0.609;0.97;0.988;0.894;0.846;0.724;0;0.738;0.114;0.932;0.823;0.054;0.869;0.903;0.806;0.819;0.708;0.706;0.521;0.721;0.948;0.695;0.798;0.896;0.92;0.646;0.713;0.467;0.164;0.015;0.055;0.018;0.396;0.006;0.426;0.681;0;0.414;0.507;0.403;0.029;0.001;0.002;0;0;0.002;0;0;0;0;0;0;0.042;0.031;0.013;0;0;0;0.344;0.001;0;0;0;0;0;0;0;0;0;4
0.829;0.94;0.896;0.802;0.899;0.93;0.907;0.908;0.827;0.939;0.957;0.856;0.855;0.773;0.872;0.783;0.755;0.912;0.474;0.634;0.958;0.924;0.835;0.214;0.818;0.704;0.793;0.512;0.284;0.286;0.587;0.327;0.347;0.868;0.83;0.708;0.944;0.899;0.831;0.876;0.766;0.733;0.852;0.882;0.661;0.962;0.945;0.931;0.863;0.839;0.505;0.553;0.881;0.719;0.952;0.844;0.805;0.634;0.951;0.935;0.883;0.906;0.909;0.895;0.922;0.856;0.88;0.946;0.802;0.803;0.715;0.827;0.769;0.916;0.281;0.966;0.953;0.51;0.796;0.745;0.85;0.262;0;0.294;0.456;0.722;0.65;0.759;0.932;0.927;0.806;0.9;0.761;0.802;0.805;0.129;0.932;0.958;0.934;0.964;0.967;0.901;0.898;0;0.001;0.693;0.773;0.443;0.803;0.925;0.839;0.995;0.987;0.219;0.998;0.977;0.912;0.794;0.234;0.847;0.827;0.401;0.774;0.49;0.393;0.878;0.913;0.877;0.849;0.857;0.213;0.634;0.778;0.939;0.74;0.785;0.876;0.662;0.444;0.824;0.502;0.077;0;0.554;0.022;0.59;0.179;0.453;0.44;0.279;0.275;0.001;0.746;0.654;0.006;0.001;0.009;0;0.014;0.277;0.517;0.527;0;0;0.008;0.557;0.462;0.057;0.022;0.616;0;0;0;0;0;0;0;0;0;0;0;0;0.9
0.824;0.944;0.897;0.806;0.887;0.929;0.827;0.915;0.805;0.883;0.899;0.83;0.837;0.817;0.862;0.666;0.582;0.829;0.47;0.795;0.948;0.846;0.861;0.57;0.442;0.717;0.776;0.69;0.47;0.338;0.495;0.634;0.545;0.896;0.706;0.757;0.943;0.884;0.822;0.876;0.75;0.661;0.804;0.9;0.659;0.965;0.881;0.945;0.841;0.829;0.81;0.428;0.843;0.703;0.926;0.884;0.749;0.672;0.948;0.929;0.833;0.915;0.902;0.872;0.918;0.789;0.845;0.942;0.789;0.813;0.167;0.397;0.714;0.766;0;0.933;0.861;0.512;0.886;0.786;0.113;0.555;0;0.639;0.552;0.776;0.252;0.714;0.917;0.866;0.847;0.845;0.749;0.819;0.801;0.135;0.924;0.135;0.933;0.861;0.947;0.909;0.89;0.019;0;0.682;0;0.843;0.808;0.908;0.868;0.534;0.925;0.164;0.137;0.906;0.92;0.71;0.147;0.649;0.685;0.488;0.897;0.677;0.291;0.858;0.908;0.817;0.861;0.517;0.343;0.498;0.765;0.934;0.873;0.806;0.888;0.904;0.576;0.602;0.548;0.086;0.025;0.152;0.091;0.407;0.301;0.321;0.695;0.422;0.233;0.201;0.437;0.467;0;0.462;0.921;0.368;0.037;0;0.429;0.003;0;0;0;0.544;0.379;0.134;0;0;0.855;0.015;0;0;0.002;0;0;0;0;0;0;0;3.017298097
0.854;0.964;0.95;0.778;0.856;0.896;0.924;0.914;0.833;0.834;0.9;0.896;0.775;0.907;0.782;0.758;0.81;0.643;0.88;0.678;0.93;0.852;0.886;0.658;0.817;0.898;0.638;0.866;0.475;0.549;0.363;0.717;0.69;0.956;0.535;0.839;0.95;0.889;0.793;0.924;0.681;0.825;0.529;0.9;0.061;0.092;0.786;0.955;0.913;0.895;0.855;0.469;0.87;0.832;0.893;0.843;0.867;0.667;0.954;0.898;0.794;0.865;0.938;0.848;0.909;0.841;0.881;0.926;0.79;0.88;0;0.578;0.706;0.829;0.015;0.931;0.907;0.504;0.832;0.113;0.79;0.135;0.016;0.596;0.538;0.856;0.544;0.642;0.914;0.886;0.844;0.91;0.762;0.777;0.793;0.153;0.856;0.955;0.946;0.886;0.941;0.91;0.855;0.151;0;0.479;0;0.712;0.761;0.933;0.89;0.971;0.915;0.476;0.98;0.95;0.908;0.845;0.806;0.21;0.732;0.425;0.901;0.749;0.229;0.896;0.874;0.833;0.773;0.767;0.52;0.546;0.198;0.958;0.713;0.843;0.869;0.678;0.618;0.858;0.526;0.779;0.179;0.152;0.167;0.283;0.011;0.437;0.745;0.612;0.101;0.625;0.702;0.195;0.009;0.001;0.224;0.001;0.047;0;0.697;0.149;0.001;0;0.009;0.648;0.672;0.058;0;0;0.005;0.028;0;0;0;0;0;0;0;0;0;0;4.520281524
0.892;0.935;0.905;0.8;0.888;0.934;0.899;0.877;0.935;0.926;0.957;0.818;0.85;0.793;0.85;0.768;0.797;0.706;0.227;0.706;0.945;0.901;0.765;0.17;0.551;0.776;0.597;0.328;0.523;0.486;0.513;0.772;0.547;0.906;0.726;0.779;0.954;0.916;0.831;0.895;0.772;0.796;0.478;0.936;0.421;0.897;0.81;0.958;0.894;0.872;0.352;0.705;0.837;0.736;0.942;0.887;0.797;0.655;0.948;0.891;0.804;0.883;0.914;0.861;0.91;0.755;0.883;0.931;0.884;0.851;0.861;0.79;0.83;0.891;0;0.963;0.917;0.573;0.853;0.577;0.428;0.8;0.007;0.802;0.527;0.896;0.761;0.726;0.95;0.897;0.413;0.831;0.763;0.517;0.782;0.323;0.915;0.965;0.94;0.96;0.95;0.875;0.888;0.188;0.005;0.655;0;0.924;0.732;0.946;0.868;0.84;0.966;0.285;0.489;0.973;0.867;0.779;0.515;0.785;0.386;0.182;0.875;0.587;0.463;0.877;0.93;0.805;0.801;0.483;0.576;0.632;0.165;0.955;0.7;0.85;0.895;0.673;0.508;0.811;0.423;0.063;0.534;0.078;0.005;0.41;0.014;0.403;0.535;0.708;0.3;0.493;0.416;0.223;0;0.074;0.366;0.051;0.058;0;0.371;0.024;0.515;0.24;0.103;0.395;0.635;0.002;0;0.613;0.385;0.159;0;0;0;0;0;0;0;0;0;0;0
0.86;0.961;0.928;0.819;0.926;0.937;0.883;0.908;0.882;0.857;0.938;0.82;0.847;0.783;0.807;0.825;0.804;0.911;0.817;0.786;0.942;0.909;0.818;0.6;0.64;0.69;0.636;0.831;0.647;0.6;0.58;0.69;0.458;0.879;0.757;0.805;0.937;0.915;0.838;0.886;0.783;0.738;0.732;0.792;0.669;0.97;0.947;0.876;0.841;0.904;0.966;0.82;0.898;0.662;0.921;0.826;0.492;0.696;0.889;0.898;0.837;0.899;0.953;0.881;0.916;0.789;0.849;0.938;0.804;0.843;0.797;0.78;0.848;0.835;0.084;0.951;0.909;0.702;0.777;0.391;0.827;0.602;0.067;0.28;0.448;0.866;0.707;0.742;0.951;0.918;0.846;0.9;0.785;0.754;0.766;0.311;0.786;0.956;0.945;0.91;0.952;0.894;0.909;0.383;0.002;0.392;0.168;0.619;0.771;0.928;0.675;0.794;0.963;0.536;0.996;0.964;0.891;0.869;0.035;0.765;0.757;0.363;0.906;0.646;0.604;0.837;0.849;0.813;0.84;0.814;0.17;0.386;0.733;0.949;0.811;0.792;0.821;0.621;0.491;0.733;0.556;0.092;0;0.112;0.044;0.472;0.009;0.615;0.528;0.344;0.438;0.399;0.645;0.383;0.205;0.181;0.158;0.12;0.015;0.274;0.506;0.494;0;0;0.045;0.508;0.523;0;0;0.155;0;0.249;0;0;0;0;0;0;0;0;0;0;2.
0.837;0.852;0.945;0.846;0.947;0.912;0.889;0.924;0.737;0.834;0.94;0.779;0.834;0.77;0.865;0.783;0.836;0.817;0.239;0.498;0.941;0.858;0.726;0.775;0.756;0.873;0.449;0.001;0.133;0.156;0.474;0.12;0.496;0.796;0.768;0.541;0.937;0.909;0.849;0.897;0.671;0.177;0.01;0.917;0;0;0.908;0.898;0.836;0.831;0.271;0.243;0.745;0.622;0.958;0.913;0.821;0.32;0.92;0.916;0.821;0.906;0.941;0.858;0.914;0.836;0.833;0.926;0.808;0.843;0.82;0.863;0.913;0.826;0.092;0.98;0.928;0.714;0.648;0.347;0.658;0.056;0;0.816;0.741;0.614;0.306;0.616;0.942;0.921;0.818;0.91;0.768;0.738;0.775;0.433;0.894;0;0.951;0.947;0.951;0.693;0.909;0.248;0.06;0.529;0.884;0.193;0.739;0.918;0.797;0.957;0.985;0.627;0.782;0.992;0.819;0.832;0;0.41;0.733;0.457;0.908;0.422;0.561;0.89;0.885;0.869;0.843;0.74;0.178;0.75;0.61;0.939;0.914;0.636;0.859;0.758;0.683;0.772;0.282;0;0.098;0.789;0.002;0.41;0.71;0.242;0.679;0;0.407;0.349;0.395;0.443;0;0;0;0.002;0.025;0.474;0;0;0.581;0.387;0.569;0.139;0.529;0.044;0;0.419;0.216;0.327;0;0;0;0;0;0;0;0;0;0;2.5
0.905;0.943;0.909;0.878;0.902;0.912;0.86;0.896;0.861;0.944;0.949;0.813;0.846;0.807;0.884;0.347;0.584;0;0;0.771;0.658;0.855;0.832;0.288;0.309;0.841;0.622;0;0.692;0.214;0.525;0.737;0.424;0.906;0.262;0.312;0.863;0.884;0.824;0.928;0.747;0.81;0.679;0.902;0.695;0.928;0;0.906;0.783;0.665;0;0.709;0.709;0.26;0.924;0.848;0.791;0.452;0.946;0.921;0.825;0.905;0.947;0.872;0.874;0.823;0.937;0.947;0.848;0.932;0.492;0.363;0.779;0.853;0;0.947;0.879;0.542;0.844;0.004;0.071;0.329;0;0.252;0.364;0.676;0.252;0.48;0.926;0.917;0.832;0.903;0.746;0.769;0.729;0.077;0.907;0.438;0.945;0.914;0.948;0.902;0.858;0.19;0;0.69;0;0.845;0.708;0.914;0.837;0.365;0.659;0.144;0.108;0.956;0.902;0.942;0;0.796;0.352;0.681;0.893;0.31;0.668;0.863;0.867;0.748;0.86;0.713;0.188;0.446;0.349;0.891;0.783;0.832;0.851;0.785;0.752;0.788;0.558;0.337;0;0.072;0.044;0.531;0.04;0.553;0.445;0.578;0.065;0.096;0.31;0;0;0.599;0.502;0.532;0.027;0.687;0;0.075;0;0;0;0;0;0.01;0;0.616;0.835;0.092;0;0;0.15;0;0;0.598;0;0;0;0;0
0.876;0.948;0.929;0.816;0.895;0.951;0.887;0.862;0.873;0.835;0.884;0.831;0.811;0.807;0.833;0.71;0.825;0.891;0.687;0.628;0.943;0.907;0.801;0.754;0.263;0.723;0.567;0.464;0.605;0.564;0.616;0.752;0.348;0.842;0.756;0.842;0.933;0.91;0.822;0.931;0.757;0.699;0.744;0.918;0.558;0.969;0.943;0.955;0.87;0.842;0.754;0.043;0.533;0.718;0.933;0.873;0.832;0.614;0.958;0.897;0.853;0.897;0.94;0.868;0.901;0.803;0.824;0.934;0.827;0.869;0.587;0.781;0.818;0.904;0.379;0.961;0.882;0.557;0.847;0.157;0.341;0.865;0.038;0.741;0.424;0.858;0.73;0.741;0.933;0.917;0.824;0.922;0.769;0.781;0.731;0.182;0.939;0.907;0.933;0.954;0.92;0.905;0.838;0.137;0.366;0.4;0;0.681;0.72;0.939;0.891;0.344;0.964;0;0.432;0.975;0.881;0.846;0;0.71;0.687;0.52;0.866;0.601;0.576;0.885;0.833;0.781;0.813;0.681;0.647;0.507;0.759;0.941;0.787;0.797;0.907;0.496;0.366;0.731;0.585;0.044;0;0.092;0.001;0.561;0;0.477;0.601;0.155;0;0.151;0.515;0.166;0.002;0.621;0.591;0.492;0.619;0.271;0;0.041;0;0.001;0;0.235;0.273;0;0;0;0.486;0.395;0.002;0;0;0;0;0;0;0;0;0;1.835
0.869;0.95;0.93;0.786;0.82;0.946;0.831;0.879;0.157;0.888;0;0.607;0.873;0.879;0.803;0.565;0.665;0.8;0.185;0.553;0.945;0.893;0.874;0.167;0.116;0.786;0.329;0.165;0.654;0.777;0.544;0.637;0.422;0.845;0.316;0.161;0.884;0.901;0.701;0.894;0.773;0.653;0.547;0.856;0.37;0.764;0.853;0.948;0.91;0.831;0.066;0.588;0.766;0.69;0.919;0.868;0.866;0.644;0.945;0.907;0.868;0.868;0.917;0.929;0.905;0.783;0.851;0.91;0.851;0.904;0.812;0.78;0.962;0;0.404;0.807;0.583;0.501;0.832;0.243;0.449;0.382;0.018;0.934;0.491;0.735;0.386;0.765;0.961;0.871;0.15;0.899;0.757;0.583;0.769;0.257;0.924;0.926;0.77;0;0.87;0.911;0.912;0.785;0.355;0.715;0;0.846;0.704;0.905;0.784;0.144;0.943;0.38;0.655;0.56;0.907;0.842;0.361;0.757;0.514;0.431;0.803;0.499;0.578;0.889;0.893;0.764;0.88;0.106;0.472;0.562;0.642;0.951;0.422;0.529;0.867;0.783;0.764;0.576;0.473;0.22;0.308;0.234;0;0.49;0.306;0.478;0.592;0.001;0.13;0.533;0.531;0;0;0.851;0;0.674;0.051;0;0.28;0.188;0.21;0.551;0.103;0.239;0;0.36;0;0.091;0.216;0.182;0.001;0;0;0;0.812;0;0;0;0;0;7.5
0.878;0.955;0.936;0.846;0.886;0.933;0.864;0.886;0.791;0.856;0.928;0.788;0.861;0.742;0.807;0.813;0.844;0.869;0.448;0.869;0.948;0.895;0.852;0.794;0.646;0.728;0.478;0.209;0.401;0.467;0.562;0.616;0.451;0.866;0.597;0.434;0.929;0.903;0.823;0.902;0.748;0.788;0.821;0.882;0.27;0.345;0.936;0.892;0.771;0.839;0.297;0.205;0.792;0.725;0.954;0.874;0.822;0.6;0.967;0.962;0.809;0.869;0.919;0.873;0.924;0.839;0.885;0.928;0.78;0.823;0.702;0.774;0.81;0.9;0.003;0.896;0.905;0.505;0.793;0.446;0.568;0.857;0.003;0.671;0.395;0.641;0.34;0.75;0.938;0.893;0.81;0.868;0.753;0.717;0.813;0.164;0.888;0.855;0.956;0.905;0.944;0.882;0.913;0.189;0;0.625;0;0.881;0.744;0.911;0.85;0.766;0.954;0;0.691;0.929;0.899;0.662;0;0.711;0.675;0.37;0.922;0.759;0.535;0.9;0.911;0.874;0.834;0.759;0.236;0.48;0.835;0.953;0.697;0.847;0.841;0.671;0.633;0.839;0.597;0.612;0.35;0.189;0.026;0.5;0.216;0.52;0.669;0.099;0;0.147;0.71;0.632;0;0.232;0.396;0.183;0.387;0.434;0.318;0.196;0.378;0.434;0.415;0.341;0.414;0;0;0;0.303;0.473;0;0;0;0;0;0;0;0;0;0;0.8
0.857;0.943;0.918;0.821;0.924;0.934;0.872;0.877;0.948;0.933;0.947;0.802;0.818;0.888;0.836;0.645;0.779;0.763;0.07;0.848;0.93;0.891;0.82;0.727;0.597;0.845;0.247;0.046;0.215;0.25;0.457;0.886;0.531;0.876;0.529;0.863;0.954;0.885;0.858;0.921;0.792;0.838;0.777;0.898;0.711;0.937;0.837;0.946;0.903;0.858;0.094;0.415;0.836;0.706;0.947;0.86;0.88;0.602;0.946;0.922;0.798;0.909;0.94;0.879;0.902;0.91;0.936;0.952;0.787;0.826;0.803;0.829;0.825;0.681;0.095;0.944;0.921;0.397;0.854;0.35;0.495;0.779;0.139;0.241;0.373;0.895;0.611;0.769;0.946;0.899;0.788;0.883;0.758;0.766;0.774;0.211;0.894;0.953;0.927;0.835;0.945;0.904;0.929;0.132;0.094;0.336;0;0.875;0.723;0.945;0.831;0.737;0.931;0.126;0.598;0.899;0.918;0.756;0;0.804;0.606;0.63;0.901;0.327;0.539;0.894;0.857;0.851;0.823;0.734;0.234;0.363;0.495;0.938;0.756;0.837;0.862;0.652;0.558;0.796;0.408;0.171;0.329;0.022;0.13;0.437;0.055;0.443;0.177;0.522;0.204;0.221;0.372;0.559;0;0.224;0.5;0.185;0.066;0;0.589;0.181;0.444;0.522;0;0.657;0.68;0.001;0;0.623;0.395;0;0;0;0.001;0;0;0;0;0;0;0;2.962674967
0.893;0.936;0.913;0.801;0.902;0.936;0.858;0.868;0.882;0.818;0.875;0.803;0.854;0.794;0.788;0.64;0.755;0.495;0.891;0.921;0.915;0.87;0.85;0.739;0.786;0.92;0.555;0.835;0.318;0.418;0.532;0.919;0.477;0.898;0.735;0.796;0.948;0.897;0.799;0.885;0.565;0.786;0.677;0.92;0.047;0.111;0.736;0.947;0.743;0.846;0.841;0.577;0.911;0.718;0.922;0.914;0.845;0.616;0.948;0.927;0.802;0.898;0.94;0.906;0.932;0.792;0.827;0.93;0.752;0.883;0.568;0.695;0.65;0.772;0.022;0.934;0.875;0.411;0.87;0.744;0.538;0.48;0.01;0.825;0.405;0.809;0.44;0.798;0.905;0.885;0.799;0.905;0.771;0.863;0.837;0.164;0.879;0.972;0.95;0.827;0.94;0.911;0.794;0.007;0;0.612;0;0.925;0.784;0.915;0.807;0.936;0.951;0.279;0.646;0.931;0.918;0.895;0.475;0.561;0.663;0.164;0.92;0.656;0.476;0.874;0.858;0.78;0.819;0.366;0.451;0.464;0.673;0.941;0.817;0.689;0.862;0.658;0.494;0.75;0.59;0.675;0.224;0.014;0.031;0.493;0.004;0.491;0.589;0.37;0;0.124;0.572;0.01;0;0.058;0.877;0.047;0.2;0;0.094;0.079;0.043;0.027;0.138;0.069;0.116;0;0;0;0.306;0.452;0;0;0;0;0;0;0;0;0;0;10
0.876;0.942;0.892;0.844;0.874;0.942;0.872;0.851;0.837;0.821;0.935;0.744;0.807;0.872;0.891;0.788;0.756;0;0.171;0.756;0.803;0.735;0.81;0.116;0.15;0.699;0.227;0.041;0.266;0.411;0.63;0.615;0.421;0.761;0.778;0.794;0.937;0.918;0.861;0.909;0.673;0.77;0.561;0.939;0.375;0.772;0;0.931;0.88;0.551;0.154;0.465;0.233;0.81;0.869;0.89;0.862;0.554;0.948;0.898;0.849;0.9;0.936;0.871;0.923;0.876;0.855;0.921;0.778;0.875;0.825;0.877;0.747;0.782;0.351;0.98;0.9;0.677;0.853;0.438;0.779;0.606;0.431;0.556;0.607;0.899;0.423;0.355;0.907;0.897;0.779;0.907;0.745;0.765;0.807;0.299;0.905;0.955;0.917;0.816;0.951;0.877;0.905;0.693;0.256;0.184;0;0.93;0.677;0.928;0.783;0.354;0.928;0.196;0.982;0.949;0.892;0.927;0.018;0.804;0.547;0.672;0.885;0.312;0.679;0.853;0.882;0.8;0.765;0.621;0.51;0.62;0.051;0.784;0.833;0.85;0.875;0.674;0.561;0.785;0.413;0.083;0.683;0.335;0.033;0.497;0.03;0.341;0.341;0.092;0.074;0.016;0.41;0.015;0;0.133;0.247;0.076;0.298;0.758;0.46;0.133;0.672;0.615;0;0.265;0.455;0.002;0;0.022;0.003;0;0.002;0;0;0;0;0.078;0;0;0;0;3.5
0.858;0.924;0.922;0.845;0.906;0.94;0.909;0.808;0.879;0.925;0.937;0.831;0.799;0.91;0.864;0.227;0.79;0.819;0.2;0.355;0.965;0.914;0.809;0.106;0.815;0.856;0.799;0.031;0.665;0.662;0.555;0.674;0.38;0.815;0.771;0.826;0.928;0.853;0.805;0.896;0.717;0.813;0.423;0.909;0.237;0.545;0.959;0.927;0.877;0.86;0.036;0.829;0.745;0.572;0.935;0.891;0.871;0.445;0.934;0.901;0.81;0.919;0.935;0.856;0.924;0.809;0.844;0.929;0.823;0.878;0.81;0.7;0.827;0.914;0.12;0.966;0.914;0.767;0.829;0.463;0.098;0.317;0;0.846;0.498;0.734;0.595;0.629;0.924;0.896;0.813;0.888;0.814;0.827;0.792;0.256;0.924;0.954;0.919;0.958;0.948;0.947;0.832;0.028;0.002;0.673;0.012;0.345;0.663;0.93;0.8;0.998;0.987;0.166;0.137;0.991;0.805;0.782;0;0.711;0.661;0.649;0.846;0.431;0.767;0.849;0.864;0.785;0.809;0.786;0.622;0.586;0.819;0.961;0.828;0.592;0.873;0.463;0.496;0.795;0.503;0.265;0.055;0.082;0.005;0.538;0.018;0.421;0.725;0.376;0.057;0.436;0.526;0.224;0.789;0;0.002;0;0.009;0.538;0;0.09;0.329;0.381;0.032;0.197;0.523;0.318;0;0.548;0.859;0.474;0;0;0.003;0;0;0;0;0;0;0;12.72792196
0.921;0.937;0.93;0.799;0.876;0.941;0.903;0.864;0.001;0.91;0.028;0.743;0.755;0.938;0.746;0.688;0.881;0.777;0.613;0.645;0.867;0.939;0.898;0.016;0.141;0.785;0.634;0.042;0.279;0.359;0.607;0.718;0.368;0.759;0.564;0.507;0.937;0.89;0.901;0.927;0.724;0.001;0.22;0.844;0.349;0.444;0.851;0.923;0.885;0.861;0.342;0.11;0.905;0.64;0.916;0.833;0.857;0.656;0.94;0.893;0.849;0.874;0.943;0.881;0.921;0.886;0.923;0.931;0.83;0.866;0.66;0.759;0.937;0;0.334;0.893;0.921;0.463;0.843;0.24;0.275;0.448;0.795;0.244;0.429;0.899;0.751;0.756;0.912;0.903;0.849;0.924;0.783;0.727;0.793;0.077;0.918;0.968;0.909;0.001;0.855;0.766;0.886;0.406;0.735;0.647;0;0.607;0.499;0.92;0.845;0.181;0.617;0.107;0.349;0.98;0.882;0.817;0;0;0.699;0.339;0.91;0.613;0.517;0.924;0.887;0.83;0.81;0.566;0.228;0.276;0.619;0.93;0.884;0.785;0.828;0.851;0.623;0.807;0.312;0.56;0;0.091;0;0.601;0.06;0.323;0.474;0;0.225;0.581;0.447;0.156;0.026;0.794;0;0.607;0.442;0.007;0.198;0.103;0.132;0.14;0.828;0.178;0.143;0.001;0.001;0.586;0.638;0.005;0;0.405;0;0;0;0;0;0;0;0;12.3
0.879;0.943;0.9;0.85;0.886;0.952;0.849;0.871;0.867;0.849;0.93;0.74;0.663;0.797;0.909;0.522;0.813;0;0.279;0.775;0.781;0.717;0.884;0.661;0.709;0.329;0.782;0.279;0.69;0.325;0.673;0.779;0.295;0.703;0.211;0.677;0.949;0.916;0.797;0.875;0.738;0.794;0.618;0.947;0.63;0.947;0;0.817;0.86;0.454;0.249;0.189;0.576;0.63;0.863;0.862;0.822;0.647;0.908;0.779;0.882;0.871;0.947;0.911;0.887;0.867;0.915;0.891;0.85;0.883;0.096;0.839;0.858;0.782;0.234;0.963;0.928;0.602;0.804;0.6;0.359;0.158;0.619;0.87;0.381;0.857;0.648;0.757;0.961;0.881;0.812;0.941;0.745;0.496;0.787;0.208;0.911;0.255;0.946;0.835;0.919;0.933;0.91;0.347;0.271;0.686;0;0.878;0.547;0.934;0.827;0.895;0.97;0.395;0.423;0.97;0.917;0.969;0.028;0.771;0.634;0.585;0.934;0.532;0.424;0.858;0.865;0.749;0.799;0.691;0.647;0.493;0.438;0.82;0.932;0.864;0.899;0.849;0.672;0.709;0.573;0.029;0.396;0.013;0.027;0.633;0.084;0.567;0.545;0.231;0.217;0.485;0.615;0;0;0.076;0.114;0.044;0.024;0.595;0.406;0.1;0;0.507;0.812;0.433;0.611;0.833;0;0;0.573;0.115;0;0;0;0;0;0;0;0;0;0;1.6
0.894;0.958;0.905;0.822;0.913;0.947;0.869;0.888;0.946;0.931;0.93;0.767;0.703;0.891;0.8;0.712;0.815;0.565;0.601;0.32;0.962;0.87;0.856;0.014;0.369;0.739;0.74;0.646;0.694;0.486;0.528;0.505;0.485;0.946;0.189;0.751;0.925;0.924;0.781;0.901;0.76;0.837;0.827;0.913;0.338;0.955;0.699;0.894;0.875;0.866;0.584;0.528;0.778;0.696;0.866;0.813;0.79;0.725;0.936;0.905;0.878;0.894;0.923;0.911;0.894;0.845;0.861;0.93;0.859;0.797;0.891;0.81;0.8;0.87;0.459;0.952;0.896;0.62;0.856;0.707;0.353;0.519;0.295;0.651;0.424;0.872;0.602;0.75;0.93;0.905;0.851;0.907;0.743;0.525;0.783;0.211;0.898;0.251;0.938;0.911;0.903;0.874;0.901;0.218;0.473;0.596;0;0.742;0.787;0.872;0.705;0.466;0.958;0.103;0.429;0.984;0.915;0.835;0.724;0.74;0.635;0.254;0.911;0.643;0.627;0.823;0.889;0.844;0.814;0.814;0.479;0.544;0.002;0.935;0.694;0.86;0.807;0.54;0.499;0.56;0.592;0.018;0.345;0.241;0.152;0.477;0.038;0.499;0.645;0.028;0.298;0.645;0.639;0.408;0;0.514;0.141;0.377;0.051;0;0.348;0.238;0.238;0.29;0.172;0.388;0.362;0.002;0.054;0.621;0.504;0;0;0;0.013;0;0;0;0;0;0;0;2
0.832;0.963;0.928;0.839;0.926;0.89;0.861;0.909;0.911;0.837;0.894;0.758;0.771;0.86;0.811;0.699;0.818;0.588;0.145;0.823;0.944;0.914;0.842;0.012;0.634;0.844;0.709;0.284;0.284;0.302;0.344;0.556;0.743;0.916;0.687;0.788;0.956;0.908;0.807;0.878;0.686;0.189;0.75;0.852;0.575;0.714;0.741;0.915;0.805;0.871;0.155;0.688;0.918;0.66;0.788;0.801;0.838;0.616;0.95;0.939;0.867;0.899;0.939;0.906;0.889;0.807;0.845;0.935;0.78;0.913;0.12;0.097;0.655;0.884;0;0.924;0.893;0.687;0.764;0.095;0.865;0.068;0;0.076;0.52;0.466;0.089;0.09;0.901;0.818;0.786;0.856;0.781;0.717;0.744;0.015;0.855;0.347;0.968;0.94;0.885;0.904;0.226;0.85;0;0.576;0.026;0.874;0.198;0.755;0.9;0.803;0.92;0.302;0.998;0.985;0.881;0.883;0.704;0.284;0.704;0.31;0.913;0.682;0.68;0.914;0.904;0.783;0.879;0.702;0;0.501;0.79;0.965;0.894;0.89;0.824;0.678;0.567;0.712;0.499;0.303;0.783;0.32;0.002;0.233;0.018;0.401;0.762;0;0.022;0.288;0.587;0.017;0;0.195;0;0.16;0.035;0;0.048;0.145;0.742;0.739;0.105;0.585;0.051;0.003;0;0.314;0;0.029;0;0;0.027;0;0;0;0;0;0;0;2.12620369
0.832;0.931;0.943;0.825;0.918;0.905;0.914;0.912;0.845;0.849;0.931;0.911;0.831;0.818;0.815;0.805;0.864;0.719;0.934;0.897;0.958;0.898;0.906;0.72;0.825;0.866;0.743;0.954;0.346;0.543;0.555;0.808;0.44;0.919;0.641;0.676;0.928;0.909;0.728;0.878;0.769;0.825;0.663;0.914;0.728;0.945;0.822;0.955;0.922;0.884;0.955;0.416;0.833;0.72;0.945;0.867;0.726;0.605;0.946;0.906;0.849;0.901;0.924;0.87;0.913;0.839;0.861;0.916;0.769;0.886;0.788;0.826;0.576;0;0.178;0.896;0.873;0.612;0.875;0.83;0.465;0.39;0.171;0.622;0.47;0.655;0.365;0.614;0.934;0.885;0.826;0.888;0.689;0.621;0.846;0.171;0.897;0.271;0.852;0;0.851;0.901;0.789;0.469;0.171;0.627;0;0.815;0.397;0.855;0.841;0.998;0.926;0.743;0.609;0.922;0.871;0.866;0.672;0.522;0.669;0.336;0.946;0.611;0.453;0.918;0.917;0.848;0.837;0.463;0.33;0.463;0.698;0.944;0.894;0.739;0.878;0.776;0.37;0.78;0.521;0.125;0.165;0.024;0;0.544;0.236;0.524;0.616;0;0.064;0.467;0.535;0.225;0;0.001;0;0;0.028;0;0.191;0;0;0;0;0.168;0.154;0.006;0.001;0;0.378;0.542;0.002;0.247;0.012;0;0;0;0;0;0;0;1.675405247
0.848;0.942;0.929;0.781;0.868;0.916;0.929;0.856;0.887;0.926;0.928;0.824;0.83;0.781;0.839;0.596;0.765;0.864;0.451;0.635;0.942;0.898;0.833;0.344;0.43;0.645;0.721;0.354;0.379;0.457;0.635;0.452;0.335;0.853;0.782;0.818;0.905;0.881;0.787;0.885;0.713;0.775;0.775;0.809;0.672;0.962;0.918;0.925;0.814;0.835;0.493;0.477;0.765;0.76;0.833;0.863;0.877;0.636;0.952;0.937;0.839;0.926;0.902;0.903;0.896;0.765;0.848;0.908;0.921;0.837;0.783;0.794;0.843;0.827;0.101;0.973;0.899;0.673;0.8;0.742;0.853;0.86;0.008;0.665;0.46;0.838;0.61;0.834;0.939;0.902;0.828;0.901;0.7;0.329;0.788;0.276;0.914;0.979;0.91;0.943;0.94;0.875;0.866;0.125;0.096;0.604;0.71;0.288;0.705;0.79;0.796;0.497;0.973;0.283;0.998;0.987;0.91;0.818;0.013;0.588;0.747;0.237;0.86;0.546;0.5;0.815;0.924;0.836;0.794;0.795;0.576;0.561;0.776;0.887;0.772;0.718;0.883;0.403;0.581;0.703;0.49;0.057;0.04;0.415;0.153;0.584;0.052;0.453;0.62;0.315;0.1;0.048;0.581;0.397;0;0.499;0.01;0.389;0.12;0.261;0.256;0.24;0.094;0.092;0;0.396;0.522;0;0;0.519;0.001;0;0;0;0.009;0;0;0;0;0;0;0;2.5
0.88;0.948;0.944;0.754;0.867;0.952;0.916;0.895;0.003;0.903;0;0.708;0.813;0.855;0.812;0.393;0.604;0.898;0.472;0.63;0.937;0.889;0.771;0.699;0.836;0.831;0.681;0.435;0.061;0.046;0.47;0.248;0.566;0.802;0.779;0.756;0.923;0.888;0.794;0.892;0.715;0;0.747;0.856;0.551;0.893;0.96;0.929;0.871;0.725;0.482;0.644;0.016;0.584;0.925;0.876;0.776;0.628;0.914;0.884;0.781;0.899;0.936;0.886;0.881;0.829;0.849;0.926;0.85;0.902;0.2;0.432;0.641;0;0.023;0.821;0.841;0.453;0.598;0.788;0.426;0.527;0.003;0.878;0.579;0.773;0.616;0.475;0.91;0.866;0.5;0.896;0.751;0.593;0.812;0.344;0.953;0.572;0.883;0;0.914;0.903;0.727;0.136;0.296;0.755;0;0.6;0.68;0.906;0.762;0.995;0.948;0.159;0.48;0.985;0.933;0.865;0.505;0.004;0.696;0.041;0.903;0.604;0.474;0.878;0.91;0.613;0.842;0.372;0.524;0.608;0.756;0.965;0.822;0.331;0.879;0.824;0.828;0.644;0.419;0.148;0.141;0.652;0;0.332;0.102;0.387;0.613;0;0.002;0.465;0.391;0;0;0;0.532;0;0.031;0.389;0.258;0;0.299;0.361;0.134;0.306;0.213;0.002;0;0.142;0.499;0.077;0;0.091;0.303;0;0;0;0;0;0;0;20
